review_id,asin,review_text,review_score
A1B59UOKB5II2X,B007VXJK6E,"This took a few times of using to get used to the &#34;buzz&#34; and tickle in your mouth, but wow you feel like you just had a dentist's cleaning every time you brush.  I noticed my teeth seemed whiter even after the first couple uses as well!  My dental cleanings will be taking half the time and I expect less gum disease, and cavities with the use of it.  It was dentist recommended and I think it will be a good investment!",5
A63GSML234W5B,B007VXJK6E,There are a couple types of these toothbrushes on the market but my opinion is that this is the best one. It really makes a thorough  job super easy. I have a handicapped daughter and there is no comparison between this type of brush and a conventional or spinbrush. This is far more subtle and the results are superior with very little work on the part of the brusher.,5
A3HY3THGD7ANEV,B007VXJK6E,I have used a Sonicare toothbrush for many years. They do a great job. When I go to a dentist they look at my teeth and always say 'you must use and electric toothbrush'. I haven't had a cavity in many years.,5
AQ6FQTYVMVAMX,B007VXJK6E,"I bought this to replace a Sonicare toothbrush that was over 10 years old.  It works perfectly  each and every time.  If it lasts as long as my old one, VERY worth every penny.  I don't have much need for other features, such as beeping and whatnot.  I mean, it's a toothbrush, not a smartphone.  I need it to brush my teeth, and it does that flawlessly.",5
A1SEOLQSAG8NSJ,B007VXJK6E,"My dentist has been recommending this for ever, finally got one and WOW after a few months of use my teeth feel like I left with a cleaning, and way cheaper than Wally World.",5
A2JYR10B40EI3Z,B007VXJK6E,The toothbrush arrived on schedule and had great packaging. Sonicare Toothbrushes could sell themselves.  Fine product!!  I recommend buying one.,5
A26EQ8U96JA92T,B007VXJK6E,"I love this toothbrush.  My teeth have never felt cleaner.  A electric toothbrush can be a bit of a scary feeling on your first few uses but Philips has built in a gradual pacer that happens over 12 uses.  You can work up to the full effect if it's your first experience with electric toothbrushes.  Philips Sonicare are the best on the market, in my opinion.  The 2 minute timer really keeps me honest :)",5
A32V776TN03KC2,B007VXJK6E,"I've wanted a sonicare since forever but didn't want to pay $80 for one. YOu can't beat this price. It's new, its amazon exclusive, and it has the 2 minute timer. The heads are easy to find everywhere, and the charger is amazing - no plugs you just sit it on top of it, it uses some magnetic induction or something.Read the manual, and enjoy. I love brushing my teeth so much I started doing it after meals. IT's actually fun and somehow...ritualistic? You put a tiny dab of toothpaste (you'll actually save money on that because you can't glob it on, this is a good thing, trust me) and go to town, when you're done - it beeps and turns off. And that's it. I am such a creature of convenience (=read: lazy) that this is actually very encouraging. Can't rave about it enough. Like Oprah said about it: ""SONICARE...IT WILL CHANGE YOUR LIFE!""",5
A3DITYDVHSJEO2,B007VXJK6E,"This toothbrush is on sonic's website for $79.95, what a great deal,on Amazon.This tooth brush is the single best tooth brush i have ever had. It leaves my teeth very clean feeling, and I consider myself a brushaholic  and have been for years (ex smoker). I look forward every morning and night to use this and if I'm home during the days,will use it after lunch.Great product fantastic price.",5
A1EU10ZW8MU99L,B007VXJK6E,"This was $29 after a $10 coupon I found on the site. For the money, it's the best thirty bucks I've spent in a long time.My teeth feel much cleaner, the buildup is completely gone and it's smooth as if I just went in for a cleaning.The unit itself is pretty big and the head does not pop off easy, so having multiple heads for each person in your house is optimistic at best (for the price, you can buy a unit for each person). The charger base is small and works well.I only have a few complaints: I wish there was a compact design. I charge this thing every minute except the 4 I'm using it, why does the battery need to be so big? I also wish the base would accommodate one more unit (not charging, just hold it). That way I could buy just another base and switch out when it needs to be charged. Also, a quick release top shouldn't be a ""feature"" of a higher priced model. Lastly, I should be able to switch out the brush at will, not the entire top. There's no way I should have to pay $10 per brush when only the tip has worn out.It's all still worth it. I'm buying another one for the wife and just setting it on the counter. Clean teeth are worth the costs.",5
A1A9PD00UVHHVI,B007ZN5ATQ,"The people at the bed and breakfast we are staying at while we build our house, recommended this toothbrush. It is wonderful. My teeth feel cleaner than after a trip to my dentist. Travels well and stays charged.",5
A599O3M1DJKUR,B007ZN5ATQ,Works well. Note: This model does not have the quad timer. The travel bag is &#34;non-optimum.&#34; Spring for the hard plastic molded case; it's worth it and works better than the soft case included with this set.,5
A2EC00UYI9U6HC,B007ZN5ATQ,I love Sonicares.  They make your teeth feel so clean and are very durable.  You can really notice the difference between this and a regular toothbrush.,5
A24DXMZ9N9SL3B,B007ZN5ATQ,"This is a fantastic toothbrush , the dentist recommended . I am so very happy with thsi purchase, it's not hard on teh gums at all . easy to control.",5
A3EK1NEPCXMGSY,B007ZN5ATQ,"The biggest difference between this and the Philips Sonicare Essence (usually sells for about $70 on Amazon) is that this one has a 2 minute timer ONLY.  The Essence has a 2 minute timer that has a tiny pause every 30 seconds, so you can make sure you're brushing each part of your mouth for the same amount of time.",5
ASXKOIXZ4LPZ2,B007ZN5ATQ,"My teeth have never felt so clean! this toothbrush is the  best! feels like i get a professional cleaning every time! holds a charge for a week +, i love this toothbrush!",5
A26L4QHFHX9GBG,B007ZN5ATQ,"Have been using this since December and its fantastic.  The charge lasts a while, stands straight up on the sink and the travel pack is very nice.  Have had zero problems, teeth feel very clean and the head is taking some time to wear out.  Very happy I chose this one.",5
A3S15YGZ6W6EV2,B007ZN5ATQ,"I had been using an electric toothbrush forever, although not a sonic one. I bought one of these for my daughter, who needed something more than a manual toothbrush. She liked it so much and my old electric toothbrush was on its last legs, so I bought this.Wonderful, terrific decision.My teeth and gums are so clean, it's unbelievable. I use the same toothpaste, and brush at the 45 degree angle that the toothbrush recommends, and the line between my gums and teeth is perfect. Two minutes, morning and night, and my teeth and gums are beautifully clean. When I floss (every day), I get much less mung from between my teeth, and my gums don't hurt at all from flossing.My only nit, at all, is that when the two minute time period is up, the toothbrush shuts off without warning. I'd prefer a beep or some signal ahead of time, so that I could plan accordingly. I know it's possible, because my old (very OLD) toothbrush had a warning system. Ideally, I'd like a way of measuring the four thirty-second quarters of the two minute time period, so I could do my mouth in sections. For now, I'll use the clock in my bathroom to time my toothbrushing.If you're in the market for a toothbrush, I'd give this one a try. It's almost perfect, and if you don't mind timing one's own brushing.",5
AQO0UJGJ7ZXIQ,B007ZN5ATQ,"This is a great product, holds a charge for a good while, good for weekend trips especially, and don't need to lug the charger.",5
A3PIAYO9S0STVO,B007ZN5ATQ,WE love our Sonicare toothbrushes and ordered this one thru Amazon as the price was good.  The carry case is nice if you are vacation or our for a night or two.,5
A3BXRVQLYQHOVE,B007ZN5ATQ,This is the third Philips Sonicare I have owned.  I would not be without one.  Dentist notices the difference at our checkups when we use this toothbrush.  The online prices is also great compared to even Sam's.,5
A1GSRK3CZVUZMQ,B007ZN5ATQ,I purchased this a while ago and it is still going strong. Easy to clean and use. I wouldn't by another toothbrush.,5
A3RGVDWKSIAX7E,B007ZN5ATQ,"In the past few years I had my share of dental work done including an implant and a root canal.  All those missed dentist visits resulted in a monstrous bill.  After my procedures I finally invested in an electric toothbrush.  Should've done it sooner.  It really makes brushing my teeth less of a chore.  The brush does all the work.  The head is small and reaches areas normal brushes miss.  The sonicare bristles are jagged shaped and cleans thoroughly.  I also noticed some of the newer heads vibrate more and massage the gums.  After using this for several months, I went to my dentist for my teeth cleaning and he commented on the excellent condition of my teeth (without knowing of my switch to an electronic toothbrush).  Floss, brush, rinse.  And use the sonicare.",5
A39ST611MIEIFL,B007ZN5ATQ,My second sonic are purchase. Works very well and it stays charged for a very long time. It's never died on me and I don't always have the charger plugged in. The little carrying case is nice.,5
A3OIPQ0N6E2JWT,B007ZN5ATQ,I would have never believed that a tooth brush could make such a difference in how clean my teeth felt.  I was mistaken!  This tooth brush cleans my teeth so well that they feel like I just had them professionally cleaned.  I have had it almost 3 months and the e-series brush head is just about ready for replacement so it lasted as long as was suggested.  I am so glad I made the investment... FYI Sam's Club sells a 4-Pack of the e-series heads for $36.00 dollars.  I thought that seemed a little better than what I have seen other places.  If not let me know... Hope this helps!!,5
AS1RPAY2NAPAQ,B007ZN5ATQ,"This was the best price i found on this, after much research--It works great, and is so worth the money!",5
A1J5HIF41ENSMZ,B003UKM9CO,"This is my second Oral B electric toothbrush, and I've been very happy with both of them.  The first one is a 3D Excel that I've used for over five years.  The Professional Care 1000 is very similar to the 3D Excel.  From what I can tell, it's primarily cosmetic changes - and the 1000 only has one speed instead of two on the 3D Excel.The level of clean achieved with these toothbrushes has been excellent for me.  The amount of time that my dental hygenist spends cleaning my teeth is much lower since I started using the Excel.  IMO, you can't go wrong with an Oral B electric toothbrush, and it really comes down to choosing a model based upon the features that you want.  In the five plus years that I've used my 3D Excel, I have never used the second (slower) speed.  I believe that the slower speed is for more sensitive teeth/gums, but the ""normal"" speed has been fine for me - and I have sensitive teeth and gums.  So, for me, the single speed on the 1000 was just fine.  I also found that I don't use the toothbrush head storage in the larger base of the Excel, so the smaller charging base of the 1000 was great.  Based upon your preferences, you might decide that a model with multiple speeds or a base with storage fits your needs better.As a note - the different heads available can be quite different.  So, maybe give a couple different versions a try if you don't like what comes with it.  As an example, while I do use the normal brush speed, I prefer the sensitive heads because of my gums.  The heads with the rubber disc in the center can be a bit abrasive to me.",5
A2WN1QF8GSVHYV,B003UKM9CO,"The brush head on the Oral-B is smaller than any others I have seen & gets to places you can't even reach with a kid's toothbrush!Timer lets you know when it is time to switch quadrants with a giggle/hesitation in the motor.Has 3 settings - I like the regular & sensitive settings the best, you can feel the difference if you have sensitive areas, or I'm sure if your entire mouth is sensitive. The flossing is great too! You have to buy these heads seperately, but the prices are reasonable.VERY soft bristles, reaches everywhere, even behind front teeth & behind the back molars!Gentle, but gets the job done & well!Smaller foot-print than other professional care toothbrushes.Easier to handle for those with arthritis.Floss, extra heads (different types) & extra-sensitive heads are available & the prices are reasonable!You can buy an optional ring stand that goes on the bottom to hold 2 more heads if using for 3 people - great for guests. The head is the only part that goes in your mouth.The only drawback is that there are no covers for your toothbrush head! Easy to make one by snipping off the corner of a plastic bag, but seems someone missed that essential detail.My teeth feel like they do after I get the grit out from the dentist's cleaning.Great toothbrush! Best one yet!Heads can be taken out & rinsed & it seems even submerged in water!My teeth FEEL cleaner & better than with my SonicCare, but b/c I like this better, my SonicCare is going to be retired and used for cleaning jewelry, so you can put you old one to good use too!I'll be using this one for a long time! This is a really nice upgrade from my SonicCare Pro!",5
A404TOR0ATGXJ,B003UKM9CO,"This thing cleans much, much better than a manual toothbrush.  In fact, when we use manual toothbrushes for a couple days while traveling, my wife and I remark how we can't wait to get home and properly clean our teeth.  You can really feel the difference.",5
A3OOLENXICN68G,B003UKM9CO,It gets my teeth cleaner than any other tooth brush I have ever used. I haven't had any issues with it and am impressed with the battery life.,5
A3FEGTOLCWXSV4,B003UKM9CO,"Oral-B has a number of brushes available - the Sonic, Vitality, the Professional Care family (which comprises the 1000 and 3000), and the Professional Care SmartSeries (4000 and 5000). The Oral-B 1000 is the entry level of the Professional Care series.In my usage of the Vitality and the Oral-B 1000, the Oral-B 1000 stands at the minimum level of functionality to make an electric toothbrush viable.For example, the Vitality does not have a quadrant timer (it beeps only at the end of the 2-minute cycle), is rated at only 7600 oscillations per second, and does not have battery charging indicators.The brushes in the Professional Care series on the other hand add quadrant timers, and are rated both at 8800 oscillations per second and at 40,000 pulsations per second.As you go higher in the Professional Care family you get multiple brush modes (daily clean, sensitive, polish, deep clean), pressure sensors, and even wireless displays.Overall, the brush is simply wonderful. I've tried the pro white, precision clean, and dual clean brush heads, and I'm simply thrilled with each, though the dual clean head is my favorite. It works noticeably better than my manual toothbrush, in particular with cleaning between my teeth.I'm definitely a happy camper.Do note that the Professional Care 1000's specifications indicate the presence of a pressure sensor. Unfortunately this does not work on my brush - and given the experience of other reviewers - I'm inclined to think this is simply a misprint in the specs.Happy Brushing!",5
A1U0SGKIDHQE1I,B003UKM9CO,"I've used electric toothbrushes before, but not as excellent as this one.  It's not too strong but strong enough to give the best clean I've ever had.  It gets the tartar at the gum line like nobody's business.  I wholeheartedly recommend this tooth brush.",5
AITHKUEHE8L85,B003UKM9CO,"Solid powerful motor, good brush. Price is decent for the quality. Have been using it for a few months now and it lasts days without charging.",5
A24R30PNVRG4VG,B003UKM9CO,"This is my third Oral-B electrical toothbrush. Initially I owned a battery operated one. After it go rusty in the battery compartment because the moisture was seeping in, I've purchased a step up, a rechargeable version, but it was not a Pro flavor. Despite having a Ni-Cd battery, it has been working for probably 4 years and is still operational. After using the 1000 model for couple weeks, I plan to take the previous one to my office. After 1000, that one feels so mild, more for gums, rather than teeth. Now I am even surprised that I used to brush with that for 4 years!This one is marked as ""Made in Germany.""Now, with all the addition of bathroom gadgets that require electricity, the next problem is to install extra GFI outlets and hide all the cords!",5
A2JDVQ3W6KAHUU,B003UKM9CO,"I used to have an older model of Oral-B and the battery wouldn't charge anymore.  This one is so much better.  The movement is better, it let's you know when you need to recharge and my teeth feel even cleaner that with the previous one.",5
A36JO8IHKYBMMJ,B003UKM9CO,"I came to this electric toothbrush after a year of using thePhilips Sonicare HX6972/10 FlexCare Plus Rechargeable Electric Toothbrush. I really like the Philips toothbrush, and have bought several as gifts for family. The Oral-B Professional is of comparable quality, and that is high praise for a machine that costs half to a third (depending on which model you buy) of the Philips.Both do a very good job of cleaning your teeth. The Philips, I think cleans a little better, but that could be a result of another feature it has over the Oral-B---a timer. The Philips has a cool trick of alerting you after a preset time to clean another quadrant of your teeth. The Oral-B does not, which means you have to be a little more disciplined in switching it up.However, the Oral-B is gentler on the mouth and gums than the Philips, which frankly will vibrate the heck out of your teeth before you get used to it. The Oral B seems to have a snarky reference to the Philips in its ""features"" listing.I recently had oral surgery and I could not handle the Philips toothbrush in my mouth. Since the surgery a month ago, I've been almost exclusively using the Oral-B. The Philips does have a few more bells and whistles, but at half the price, the Oral-B toothbrush is very hard to turn down.Highly Recommended.",5
A3561VDJLECLIQ,B003UKM9CO,"I'm new to electric toothbrushes and I decided to try Oral B Sonic Action after Oral B Professional 1000,because It seemed my first choice, did not vibrate enough. Well, I really found out what sonic action is,even on the low setting, with very little noise, about a 2 on the 10 scale.I'm sure this would message and vibrate (occuring in brush head) whatever off your teeth,but, if your dental setup is many caps, what is that doing to that glue?I decided to go back to the brushing (twirling clock, counter clock) of the Professional 1000.That's enough vibrating to message and (with the soft brushes ""Oral-B Sensitive [3 Extra-Soft Brush heads]""had to be purchased separately) cleans all surfaces very well,very quickly (because of no need for my own maneuvering, which I was overdoing.)It fits very well in the hand and mouth.However, the noise for it is about a 4 and The charge only last about four uses for me.",5
ABJIXMSVJ5YK2,B003UKM9CO,"Replaced a model from 6 years ago.  This one is solid and for a good price.  Like most rechargeable batteries, I don't leave this fully charged or discharged to avoid.  I use a timer to charge the battery 3-4 hours a day for longevity.",5
A3I2E3IWY7RW00,B003UKM9CO,"I purchased this product according to the reviews.  This is my first electronic toothbrush, so can't really compare to anything else.  I used the precision clean brush head that it came with and my mouth felt very clean afterwards, but then after purchasing the floss action brush head--wow--even better!",5
ADFQS81MLFSIJ,B003UKM9CO,"I did lots of research, I can't find a reason to spend more money, this one does pretty much 90% of what the more and most expensive brushes do.  Much better than traditional brushing.",5
A3JMRDOJV7XNIP,B003UKM9CO,"This is my second electric tooth brush, the fist Oral B having worked as usual for over ten years. This model is a streamlined version of my old one and gives me the same clean feeling. It's good to have such a reliable product that I can rely on over the years.",5
A1403S76T94H6W,B003UKM9CO,As with past purchases of Braun Electric Toothbrushes (previous version lasted for 10 years!) this is an excellent product . My dentist recommended this brush due to past history of gingivitis which has not since using itDownside is the cost of replacement brush heads..but Amazon has good pricing for the replacements,5
A18M7IBVN3DKP,B003UKM9CO,"This is a great toothbrush, though the timer can be a bit annoying if you're a person who normally brushes their teeth longer than 2 minutes, though it doesn't interfere with brushing. I'm glad I bought it.",5
A2G9UDL72YUTT8,B003UKM9CO,"I have an old Braun Oral-B toothbrush that I got about 10-15 years ago. I was curious to see how this new Oral-B toothbrush would compare to my old toothbrush and if it would be worth it to ""upgrade"".I foung that after using the toothbrush for a week, that this Oral-B toothbrush was significantly better than my old Oral B toothbrush.Overall, this is a very simple toothbrush. Using the idea that you should brush for 2 minutes, which equals 30 seconds for a quadrant of your mouth, just press the button to turn it on and every 30 seconds, the toothbrush seems to hesitate to let you know that you should brush in a different area of your mouth. Seems a tad silly (I think a simple 2 minute timer would work better/make more sense since you may not need to brush the same amount everywhere), but I got use to it.The speed of the toothbrush is much faster than my old toothbrush and when I finished brushing, my mouth had that clean feeling you get after your dental hygenist cleans your teeth. I found it easy to handle and use in every cranny in my mouth.A warning light lets you know when your battery is starting to fade and you need to recharge. The recharger base is much smaller than the old ones and hardly takes up hardly any room (which is important if you don't have much shelf space).If you're like me and you have an older Oral-B, I recommend upgrading to this new Oral-B. It's a much better toothbrush.",5
ABBIB3ZHNS4X8,B003UKM9CO,I highly recommend this product. It works great. Oral-B is a name you can trust and this product is proof.,5
A3MWXF2CLXHBRI,B003UKM9CO,"I bought this to replace a less expensive Oral-B electric toothbrush that someone accidentally broke. This one has more power and suits me just fine. I've tried other brands, but plan to stay with this one because I really like the way the toothbrush head cups each tooth. For me, this makes thorough cleaning much easier than when using a toothbrush with an oval head.",5
A2RVJY4WUNKN7B,B003UKM9CO,"I received the package on time, the toothbrush was as described. I had an oral B several years ago till it wore out; then bought a Phillips Sonicare at the recommendation of my new dentist. I am soooo happy to be back to the Oral B - I feel like it works better and is more comfortable to use. The 30 sec phases work, but it doesn't shut off after 2 minutes...which is nice actually!",5
A1WAA32LZ1488K,B003UKM9CO,These brushes are great. I use it with the soft head refills. They are easier on your gums. This is a great price on amazon too. I never even considered any other when my old one finally died. The oral b is a quality machine.,5
AA8JVE6BAA5PN,B003UKM9CO,"I've gone through two Sonicare brushes.  They both failed after about a year, but maybe that's normal.  I found them to be noisy and felt very rough in my mouth...sort of like an attack on my teeth and gums.  So, when I needed a new brush, I reviewed the data on both the Phillips and the Oral B, and liked the sound of the Oral B reviews.  I both this least expensive version and I LOVE it.  Less noise and easier on my mouth.",5
A2TD8LBGIWBM42,B003UKM9CO,she recently lost her other charger to her other brush so she just bought a new one and she is very happy with the one i had ordered her,5
A2C3VC5JTYVRCL,B003UKM9CO,"I got two of these for my kids on the recommendation of our dentist. I have also been using an Oral-B for years and like them a lot. The heads are nice and small for kids' mouths and the built in timer is very handy. Previously we had been buying the disposable battery-operated brushes for them at the grocery store, but these were a great investment.",5
A18YMFFJW974QS,B003UKM9CO,"It appears that Braun has become exclusively a saving company and they have are leaving Oral B to brand/produce the line of electric toothbrushes. The bottom of the toothbrush (in addition to ""Made in Germany"") is labeled ""Braun"". Why is this a big deal? Well my wife has had a Braun 3D Excel for 10 years and it has worked flawlessly. The Oral B 1000 is virtually identical - except it does not have variable speeds.A run down on the Oral B 1000-- Nice charging stand - the Oral B 1000 can be charged even if some water is present due to its non-metal-on-metal contact between the charger and the brush.- Oddly, it is only 1 speed. I am not sure if there is a need for variable speeds, since I only use the high speed, but the Oral B 1000 only offers 1- Nice rubberized grip- Replacement heads are not overly expensive- Not too loud - a humming sound is all that you hear- Battery life - pretty decent - you take it on vacation without worries- An efficient way to brush - the rotating heads really are more effective than standard brushing. This will help you remove more plaque from your teeth!Final Verdict -Whether you call it a Braun or and Oral B - the Oral B 1000 is a top choice for a moderately priced electric toothbrush.5 Stars",5
A2PSVETZUVZUQR,B003UKM9CO,"This is a great little electric toothbrush.  It does what it needs to do without all the bells and whistles.  The 30 second timer feature is nice too.  Hopefully, it was last as long as my first one.",5
2fb31e42-bb67-4be6-ba93-6e015ce315a7,B007VXJK6E,Case & Storage: The product poor experience. I faced problems related to case & storage and overall it did not meet expectations.,1
c057e808-6745-4bd0-8995-622a88f909e6,B007VXJK6E,Support & Maintenance: The product stopped working quickly. I faced problems related to support & maintenance and overall it did not meet expectations.,1
68f3f533-db3d-4d63-9dec-d10c8d259d7b,B007VXJK6E,Toothbrush Holder / Dock: The product stopped working quickly. I faced problems related to toothbrush holder / dock and overall it did not meet expectations.,1
954437d2-a0ef-407d-b71a-bca1841cf2e6,B007VXJK6E,Timer & Pacing: The product not worth buying. I faced problems related to timer & pacing and overall it did not meet expectations.,1
a012a0c6-1bd0-473c-8b1f-a8b0312d1e55,B007VXJK6E,Case & Storage: The product not worth buying. I faced problems related to case & storage and overall it did not meet expectations.,1
06838e98-af96-45d2-ae7b-f1ad476410f5,B007ZN5ATQ,"Noise, Feel & Sensation: The product serious issues. I faced problems related to noise, feel & sensation and overall it did not meet expectations.",1
cd2c99f6-edf0-4ec3-a778-5ff74389b066,B007ZN5ATQ,Support & Maintenance: The product very disappointing. I faced problems related to support & maintenance and overall it did not meet expectations.,1
973ba989-655d-4736-a85b-80c659708ca1,B007ZN5ATQ,Price & Value: The product serious issues. I faced problems related to price & value and overall it did not meet expectations.,1
9d653595-a7a6-437f-924e-aff102a8a963,B007ZN5ATQ,Pressure Sensor: The product very disappointing. I faced problems related to pressure sensor and overall it did not meet expectations.,1
a8c66bc2-337c-4804-847b-81363fff6814,B007ZN5ATQ,Toothbrush Holder / Dock: The product stopped working quickly. I faced problems related to toothbrush holder / dock and overall it did not meet expectations.,1
e7ee5c2e-ef77-45a5-b10f-6d4eb16ad2b0,B007ZN5ATQ,Indicator Lights & Display: The product serious issues. I faced problems related to indicator lights & display and overall it did not meet expectations.,1
bb1cfc7c-62ed-4e3c-ab0c-1312867a83f0,B007ZN5ATQ,Price & Value: The product not worth buying. I faced problems related to price & value and overall it did not meet expectations.,1
c3ed1c2f-a45d-44b8-a85f-cf95714d5da8,B007ZN5ATQ,Brush Head: The product poor experience. I faced problems related to brush head and overall it did not meet expectations.,1
4257156e-f9aa-453d-b55b-54c41ee41494,B007ZN5ATQ,Pressure Sensor: The product stopped working quickly. I faced problems related to pressure sensor and overall it did not meet expectations.,1
1bf1fe8d-7c5c-48cb-abc8-c4dcb8a9497a,B007ZN5ATQ,Cleaning Performance & Oral Health: The product stopped working quickly. I faced problems related to cleaning performance & oral health and overall it did not meet expectations.,1
5f295eb1-8a5a-4e8b-b426-0113ce97306e,B007ZN5ATQ,Indicator Lights & Display: The product not worth buying. I faced problems related to indicator lights & display and overall it did not meet expectations.,1
8cbea26f-16e4-4af1-b06d-bb51bbed904c,B007ZN5ATQ,Support & Maintenance: The product serious issues. I faced problems related to support & maintenance and overall it did not meet expectations.,1
94847031-a37e-4328-a7fd-9f6e39ac8a77,B007ZN5ATQ,Accessories & Adapter: The product very disappointing. I faced problems related to accessories & adapter and overall it did not meet expectations.,1
9fede650-3529-4ef1-984a-4a22d6fd09c7,B007ZN5ATQ,Pressure Sensor: The product serious issues. I faced problems related to pressure sensor and overall it did not meet expectations.,1
3ce30d69-6294-4815-9363-8a3bba1eb453,B007ZN5ATQ,Packaging & Delivery: The product stopped working quickly. I faced problems related to packaging & delivery and overall it did not meet expectations.,1
e8920e1f-25d0-4111-a97f-43b7a272cfa1,B007VXJK6E,Product Type & Brand: The product stopped working quickly. I faced problems related to product type & brand and overall it did not meet expectations.,1
342b4ad3-11d4-45ae-b03d-dd21e1fe2fe2,B007VXJK6E,Support & Maintenance: The product serious issues. I faced problems related to support & maintenance and overall it did not meet expectations.,1
f30eb1ff-cf8d-468b-98d2-f7c3423c5d18,B007VXJK6E,Bathroom & Counter Space: The product poor experience. I faced problems related to bathroom & counter space and overall it did not meet expectations.,1
f4f56318-b985-497a-9733-347483c34c44,B007VXJK6E,Bathroom & Counter Space: The product very disappointing. I faced problems related to bathroom & counter space and overall it did not meet expectations.,1
ecb059b7-de4f-469a-9974-cb405c7a9d08,B003UKM9CO,Indicator Lights & Display: The product very disappointing. I faced problems related to indicator lights & display and overall it did not meet expectations.,1
921c23a0-f06a-450b-b34d-ac970ac63046,B003UKM9CO,Price & Value: The product poor experience. I faced problems related to price & value and overall it did not meet expectations.,1
79a7c95c-5ea2-4583-a2d9-fce439ed34f6,B003UKM9CO,Toothbrush Holder / Dock: The product very disappointing. I faced problems related to toothbrush holder / dock and overall it did not meet expectations.,1
57e9e321-b7b8-425c-a379-826ddae86d18,B003UKM9CO,"Noise, Feel & Sensation: The product not worth buying. I faced problems related to noise, feel & sensation and overall it did not meet expectations.",1
556f0104-e9f7-4616-ae26-6bfad5028c8c,B003UKM9CO,Product Type & Brand: The product very disappointing. I faced problems related to product type & brand and overall it did not meet expectations.,1
70c0c081-b8a7-40bc-9ae8-9cf5d39c603a,B003UKM9CO,Support & Maintenance: The product serious issues. I faced problems related to support & maintenance and overall it did not meet expectations.,1
998471b0-2816-469c-a290-103e34d7a236,B003UKM9CO,Cleaning Performance & Oral Health: The product serious issues. I faced problems related to cleaning performance & oral health and overall it did not meet expectations.,1
a440d50c-ba19-4b50-9a52-61547c7237ca,B003UKM9CO,Indicator Lights & Display: The product very disappointing. I faced problems related to indicator lights & display and overall it did not meet expectations.,1
a6e06bba-c692-4904-a1b2-3ada1a23a8ff,B003UKM9CO,Bathroom & Counter Space: The product serious issues. I faced problems related to bathroom & counter space and overall it did not meet expectations.,1
e6200628-f9a9-49f7-8f99-f5e99b99279e,B003UKM9CO,Timer & Pacing: The product not worth buying. I faced problems related to timer & pacing and overall it did not meet expectations.,1
ccf7ac88-001e-4474-8d65-b789da6cf4f7,B003UKM9CO,Support & Maintenance: The product stopped working quickly. I faced problems related to support & maintenance and overall it did not meet expectations.,1
5d23aa9f-4dc9-4503-ae91-3dfc9b8b9ecf,B003UKM9CO,Bathroom & Counter Space: The product not worth buying. I faced problems related to bathroom & counter space and overall it did not meet expectations.,1
00abb1fe-da76-475b-b3f7-66497138858d,B003UKM9CO,Pressure Sensor: The product stopped working quickly. I faced problems related to pressure sensor and overall it did not meet expectations.,1
a2eab49e-8c6a-4309-9395-d949d0d10484,B003UKM9CO,Timer & Pacing: The product not worth buying. I faced problems related to timer & pacing and overall it did not meet expectations.,1
4807f637-6258-4e36-a4d2-a1bf5077cde2,B003UKM9CO,Indicator Lights & Display: The product very disappointing. I faced problems related to indicator lights & display and overall it did not meet expectations.,1
2e2f6254-97c5-446e-960e-908239258263,B003UKM9CO,Price & Value: The product serious issues. I faced problems related to price & value and overall it did not meet expectations.,1
c4a18c42-dbb9-4a62-a715-3c98a160bdfa,B003UKM9CO,Indicator Lights & Display: The product serious issues. I faced problems related to indicator lights & display and overall it did not meet expectations.,1
1e1757e2-8441-4ced-8509-e9752f00b625,B003UKM9CO,Accessories & Adapter: The product very disappointing. I faced problems related to accessories & adapter and overall it did not meet expectations.,1
5fa3d951-fb3e-491a-9eb6-46111467ad57,B003UKM9CO,Accessories & Adapter: The product poor experience. I faced problems related to accessories & adapter and overall it did not meet expectations.,1
d5d316e8-3915-4ba7-8ba5-caabd571647f,B003UKM9CO,Accessories & Adapter: The product poor experience. I faced problems related to accessories & adapter and overall it did not meet expectations.,1
d70fa4b6-96f8-48ea-807b-1af5688de530,B003UKM9CO,"Noise, Feel & Sensation: The product poor experience. I faced problems related to noise, feel & sensation and overall it did not meet expectations.",1
25a75273-cedc-49ae-9d38-22226ce63360,B007ZN5ATQ,"Noise, Feel & Sensation: The product stopped working quickly. I faced problems related to noise, feel & sensation and overall it did not meet expectations.",1
af73978f-8c1f-4fae-8f72-c20ef62a46e5,B007ZN5ATQ,Case & Storage: The product poor experience. I faced problems related to case & storage and overall it did not meet expectations.,1
dbceec75-671d-4214-96ef-ec9f90a7df84,B007ZN5ATQ,Handle & Body: The product stopped working quickly. I faced problems related to handle & body and overall it did not meet expectations.,1
06396234-155c-467e-ab01-f1f803fc5001,B007ZN5ATQ,Physical Design & Build: The product stopped working quickly. I faced problems related to physical design & build and overall it did not meet expectations.,1
f00e318b-51d7-4283-af91-18273adff6b9,B007ZN5ATQ,Packaging & Delivery: The product not worth buying. I faced problems related to packaging & delivery and overall it did not meet expectations.,1
bc73e6f6-fcdc-4387-a190-eea7eabc724f,B007ZN5ATQ,Indicator Lights & Display: The product could be better. I faced problems related to indicator lights & display and overall it did not meet expectations.,2
1e3a8f35-b989-4da8-8839-3e04be8d2258,B007ZN5ATQ,Modes & Settings: The product below expectations. I faced problems related to modes & settings and overall it did not meet expectations.,2
cd6504e1-35c7-4eb9-88f8-7b118b4a94e5,B007ZN5ATQ,Cleaning Performance & Oral Health: The product below expectations. I faced problems related to cleaning performance & oral health and overall it did not meet expectations.,2
12a56068-3d59-4c9a-9963-4a43ac1c99af,B007ZN5ATQ,"Noise, Feel & Sensation: The product not great. I faced problems related to noise, feel & sensation and overall it did not meet expectations.",2
b0ea98b2-4d8b-4b86-b5be-64741c445bda,B007ZN5ATQ,Accessories & Adapter: The product mixed experience. I faced problems related to accessories & adapter and overall it did not meet expectations.,2
f2d1945d-b18e-4e86-b477-4bf4abfdb755,B007ZN5ATQ,Physical Design & Build: The product could be better. I faced problems related to physical design & build and overall it did not meet expectations.,2
06a05877-51ba-44e0-8fac-a6453ae45b2a,B007ZN5ATQ,Bathroom & Counter Space: The product mixed experience. I faced problems related to bathroom & counter space and overall it did not meet expectations.,2
9fd8dff1-7ffd-4a3c-a072-b5e8ec0b150d,B007ZN5ATQ,Modes & Settings: The product could be better. I faced problems related to modes & settings and overall it did not meet expectations.,2
46029955-a82f-4ecc-b389-a8662d3e15b0,B007ZN5ATQ,Handle & Body: The product could be better. I faced problems related to handle & body and overall it did not meet expectations.,2
564afdbc-100e-4b13-be63-1eebce7df34d,B007ZN5ATQ,Physical Design & Build: The product mixed experience. I faced problems related to physical design & build and overall it did not meet expectations.,2
16555199-c848-4036-aee3-2ad3a0e183e4,B007ZN5ATQ,Cleaning Performance & Oral Health: The product mixed experience. I faced problems related to cleaning performance & oral health and overall it did not meet expectations.,2
06817c51-44d0-4e1b-8a0d-5c91b5cbdbbd,B007ZN5ATQ,Handle & Body: The product could be better. I faced problems related to handle & body and overall it did not meet expectations.,2
16ac835b-1d73-449e-a806-3d85d8dfc243,B007ZN5ATQ,Product Type & Brand: The product has issues. I faced problems related to product type & brand and overall it did not meet expectations.,2
6c91a8ae-88a6-460f-a41b-a817043810d1,B007ZN5ATQ,Power & Motor Charging System: The product mixed experience. I faced problems related to power & motor charging system and overall it did not meet expectations.,2
7527f1af-919e-4de8-a73c-e23f1dc1397e,B007ZN5ATQ,Indicator Lights & Display: The product below expectations. I faced problems related to indicator lights & display and overall it did not meet expectations.,2
31a68d17-ab9d-4afa-a782-8eec204df399,B007ZN5ATQ,Brush Head: The product below expectations. I faced problems related to brush head and overall it did not meet expectations.,2
fbcc37a6-a42a-4c16-9566-163b6a3ca10d,B007ZN5ATQ,Indicator Lights & Display: The product not great. I faced problems related to indicator lights & display and overall it did not meet expectations.,2
f470a01e-8363-4055-a7f1-fabffbb3628f,B007ZN5ATQ,Modes & Settings: The product has issues. I faced problems related to modes & settings and overall it did not meet expectations.,2
e0d7045c-7b0a-4dd8-a301-6def14107c0c,B007ZN5ATQ,Timer & Pacing: The product below expectations. I faced problems related to timer & pacing and overall it did not meet expectations.,2
f3dbdfbc-1ff4-404f-98a0-905b70bfde0e,B007ZN5ATQ,Bathroom & Counter Space: The product not great. I faced problems related to bathroom & counter space and overall it did not meet expectations.,2
9618d720-f479-49d3-b4df-c10180732ca0,B007ZN5ATQ,Case & Storage: The product mixed experience. I faced problems related to case & storage and overall it did not meet expectations.,2
dff19338-e166-45f1-b670-f21bc0985a78,B007VXJK6E,Physical Design & Build: The product mixed experience. I faced problems related to physical design & build and overall it did not meet expectations.,2
e4601afc-55a9-47d8-959f-7c63b4316a60,B007VXJK6E,Brush Head: The product not great. I faced problems related to brush head and overall it did not meet expectations.,2
8c0ce6a1-58eb-419e-ba10-9ee649c5ba4d,B007VXJK6E,"Noise, Feel & Sensation: The product below expectations. I faced problems related to noise, feel & sensation and overall it did not meet expectations.",2
efd566b5-bb39-4d79-af39-ad6f1d45550f,B007VXJK6E,Toothbrush Holder / Dock: The product below expectations. I faced problems related to toothbrush holder / dock and overall it did not meet expectations.,2
0346981c-7422-49b8-bff9-d55d9bb95428,B007VXJK6E,Cleaning Performance & Oral Health: The product below expectations. I faced problems related to cleaning performance & oral health and overall it did not meet expectations.,2
6dc3b404-6562-4713-92d0-8a87af83f7a7,B007VXJK6E,Product Type & Brand: The product mixed experience. I faced problems related to product type & brand and overall it did not meet expectations.,2
cd608803-fab5-48ea-95f9-f123b2f6a493,B007VXJK6E,Brush Head: The product not great. I faced problems related to brush head and overall it did not meet expectations.,2
120dffaf-840e-4bfb-89e9-85be6ee0c6b5,B007VXJK6E,Smart & App Features: The product not great. I faced problems related to smart & app features and overall it did not meet expectations.,2
0697d29f-6f7b-449e-b847-1211ef6a44d0,B007VXJK6E,Cleaning Performance & Oral Health: The product below expectations. I faced problems related to cleaning performance & oral health and overall it did not meet expectations.,2
871364da-b0ca-4ee2-a645-0a5d5f311ddc,B007VXJK6E,Bathroom & Counter Space: The product not great. I faced problems related to bathroom & counter space and overall it did not meet expectations.,2
687edb24-9aea-4a2f-b997-bea6f22eb124,B007VXJK6E,Toothbrush Holder / Dock: The product not great. I faced problems related to toothbrush holder / dock and overall it did not meet expectations.,2
58e939a5-03e8-44d5-a5ce-9ad36534ef20,B007VXJK6E,Packaging & Delivery: The product could be better. I faced problems related to packaging & delivery and overall it did not meet expectations.,2
a660db4a-697b-44fc-b64b-12a597fc7437,B007VXJK6E,Handle & Body: The product has issues. I faced problems related to handle & body and overall it did not meet expectations.,2
ecbdce00-616d-4822-b3f9-a7180b8d37fe,B007VXJK6E,Bathroom & Counter Space: The product below expectations. I faced problems related to bathroom & counter space and overall it did not meet expectations.,2
5caaaf5b-0aa5-4f6f-b2c6-497800a88c21,B007VXJK6E,Brush Head: The product below expectations. I faced problems related to brush head and overall it did not meet expectations.,2
b9f52fd0-b8a0-4ca9-9c63-240fcf6b2a7c,B007VXJK6E,Power & Motor Charging System: The product below expectations. I faced problems related to power & motor charging system and overall it did not meet expectations.,2
85683310-0c79-4800-8eab-70d0532a01c1,B007VXJK6E,Power & Motor Charging System: The product below expectations. I faced problems related to power & motor charging system and overall it did not meet expectations.,2
be6947a3-f32d-47c7-8830-afae51034a39,B003UKM9CO,Toothbrush Holder / Dock: The product could be better. I faced problems related to toothbrush holder / dock and overall it did not meet expectations.,2
78ac0f83-e65e-418f-a682-3934c3025e03,B003UKM9CO,Physical Design & Build: The product could be better. I faced problems related to physical design & build and overall it did not meet expectations.,2
04cf4e66-68e8-4c01-bf3b-c609a81df6a1,B003UKM9CO,Case & Storage: The product not great. I faced problems related to case & storage and overall it did not meet expectations.,2
1a6a551c-0d86-4056-8a93-f169d0306a8e,B003UKM9CO,Modes & Settings: The product not great. I faced problems related to modes & settings and overall it did not meet expectations.,2
9754ce34-e9d1-4b63-81be-686b55c3770a,B003UKM9CO,Handle & Body: The product mixed experience. I faced problems related to handle & body and overall it did not meet expectations.,2
ca43dd94-2701-4615-9cf1-9e403b7c2334,B003UKM9CO,Product Type & Brand: The product could be better. I faced problems related to product type & brand and overall it did not meet expectations.,2
88e1869f-7652-4774-ad5a-d934d4a77181,B003UKM9CO,Packaging & Delivery: The product could be better. I faced problems related to packaging & delivery and overall it did not meet expectations.,2
ecec3bb3-9ede-456d-b91c-875acf79404c,B003UKM9CO,Case & Storage: The product below expectations. I faced problems related to case & storage and overall it did not meet expectations.,2
217a7b25-c7bf-4bd0-92f0-ff568c0d09fe,B003UKM9CO,Indicator Lights & Display: The product not great. I faced problems related to indicator lights & display and overall it did not meet expectations.,2
60c84be1-36c5-4eef-b16c-e6db3fae1ca9,B003UKM9CO,Product Type & Brand: The product mixed experience. I faced problems related to product type & brand and overall it did not meet expectations.,2
0e66ff1f-4bb5-4851-8485-7a394ff390d1,B003UKM9CO,Modes & Settings: The product below expectations. I faced problems related to modes & settings and overall it did not meet expectations.,2
58c3bea4-bec3-404c-9029-befbd0e81654,B003UKM9CO,Product Type & Brand: The product not great. I faced problems related to product type & brand and overall it did not meet expectations.,2
dd74e49e-9440-474a-b958-003c91819ba0,B003UKM9CO,Smart & App Features: The product okay product. I faced problems related to smart & app features and overall it did not meet expectations.,3
78578da6-3e2e-4935-87f8-03d556176343,B003UKM9CO,Handle & Body: The product decent but flawed. I faced problems related to handle & body and overall it did not meet expectations.,3
b32d0582-4b21-441c-a9d5-31d47a686100,B003UKM9CO,Product Type & Brand: The product works but not impressive. I faced problems related to product type & brand and overall it did not meet expectations.,3
905eafa7-88f6-4245-bc65-64f2d518f544,B003UKM9CO,Indicator Lights & Display: The product moderate quality. I faced problems related to indicator lights & display and overall it did not meet expectations.,3
fe16526d-8e82-4dff-9450-21d0172235e8,B003UKM9CO,Product Type & Brand: The product okay product. I faced problems related to product type & brand and overall it did not meet expectations.,3
711aa49e-de20-44ef-a022-16430efb349b,B003UKM9CO,Physical Design & Build: The product decent but flawed. I faced problems related to physical design & build and overall it did not meet expectations.,3
7df60f28-c1ec-41c2-8239-3ccc66d59a60,B003UKM9CO,Indicator Lights & Display: The product okay product. I faced problems related to indicator lights & display and overall it did not meet expectations.,3
d2cff14c-283d-40b4-82e0-6a85fb4f49a7,B003UKM9CO,Price & Value: The product average performance. I faced problems related to price & value and overall it did not meet expectations.,3
fe9c9a71-2355-4ea1-834f-cbeacf363829,B003UKM9CO,Toothbrush Holder / Dock: The product average performance. I faced problems related to toothbrush holder / dock and overall it did not meet expectations.,3
bc189c8a-b520-4db2-af20-9eb47e917dbe,B003UKM9CO,"Noise, Feel & Sensation: The product works but not impressive. I faced problems related to noise, feel & sensation and overall it did not meet expectations.",3
52023797-f243-4270-ad40-0c6c39178b5d,B003UKM9CO,Handle & Body: The product okay product. I faced problems related to handle & body and overall it did not meet expectations.,3
9f213c28-c6fb-44d6-b533-00500a9bac0e,B003UKM9CO,Cleaning Performance & Oral Health: The product decent but flawed. I faced problems related to cleaning performance & oral health and overall it did not meet expectations.,3
f1277a04-6722-4fcd-8fb0-0f14e135c420,B003UKM9CO,Power & Motor Charging System: The product works but not impressive. I faced problems related to power & motor charging system and overall it did not meet expectations.,3
28d57ffb-4572-4f13-9d5a-7a80b6d393b6,B003UKM9CO,Packaging & Delivery: The product average performance. I faced problems related to packaging & delivery and overall it did not meet expectations.,3
c6a009a5-6364-4e48-a7c2-3d48f6e5240e,B003UKM9CO,"Noise, Feel & Sensation: The product works but not impressive. I faced problems related to noise, feel & sensation and overall it did not meet expectations.",3
4ed21d67-0387-42b0-a4d9-28eefd320497,B003UKM9CO,Support & Maintenance: The product moderate quality. I faced problems related to support & maintenance and overall it did not meet expectations.,3
5b8ffd5f-5e26-4a17-a87c-82916e6babde,B003UKM9CO,Case & Storage: The product decent but flawed. I faced problems related to case & storage and overall it did not meet expectations.,3
e2bfc492-deee-49a2-bfc0-00771dae650c,B003UKM9CO,Product Type & Brand: The product works but not impressive. I faced problems related to product type & brand and overall it did not meet expectations.,3
e703a0f6-5250-4ac1-9350-42c39171c850,B007VXJK6E,Pressure Sensor: The product works but not impressive. I faced problems related to pressure sensor and overall it did not meet expectations.,3
27a4c304-5968-4704-aaf2-a700f67c3109,B007VXJK6E,Support & Maintenance: The product works but not impressive. I faced problems related to support & maintenance and overall it did not meet expectations.,3
6833b5f8-3abc-48f3-9efd-d7f9cec5670a,B007VXJK6E,Brush Head: The product okay product. I faced problems related to brush head and overall it did not meet expectations.,3
55c58b03-4cb3-40a4-b7df-5628dccea487,B007VXJK6E,Cleaning Performance & Oral Health: The product decent but flawed. I faced problems related to cleaning performance & oral health and overall it did not meet expectations.,3
452deda2-8023-42db-b90a-f6b49ebf8235,B007VXJK6E,Case & Storage: The product works but not impressive. I faced problems related to case & storage and overall it did not meet expectations.,3
947fccf2-d23a-4bdd-8ebe-b341d7b8505a,B007VXJK6E,Smart & App Features: The product moderate quality. I faced problems related to smart & app features and overall it did not meet expectations.,3
8e4f2db7-4202-496b-837d-89416059259c,B007VXJK6E,"Noise, Feel & Sensation: The product works but not impressive. I faced problems related to noise, feel & sensation and overall it did not meet expectations.",3
292965fb-1b16-4572-8a56-43457a57f165,B007VXJK6E,Pressure Sensor: The product moderate quality. I faced problems related to pressure sensor and overall it did not meet expectations.,3
73d554da-8883-4210-8da7-828550b08364,B007VXJK6E,Accessories & Adapter: The product okay product. I faced problems related to accessories & adapter and overall it did not meet expectations.,3
dda3b44a-46bd-4fa2-ae43-18ba78ee768c,B007VXJK6E,Price & Value: The product average performance. I faced problems related to price & value and overall it did not meet expectations.,3
2a8ed244-b251-4bce-85f4-e02c59ca5e9c,B007VXJK6E,Toothbrush Holder / Dock: The product moderate quality. I faced problems related to toothbrush holder / dock and overall it did not meet expectations.,3
f3d82eec-5ad5-4d2e-ad1b-7334e1d7dabe,B007VXJK6E,Indicator Lights & Display: The product decent but flawed. I faced problems related to indicator lights & display and overall it did not meet expectations.,3
f82abe59-a39a-4204-8d9a-da647db19d3b,B007VXJK6E,Physical Design & Build: The product okay product. I faced problems related to physical design & build and overall it did not meet expectations.,3
1f1a4318-da54-4f13-83bd-01881fb7ec01,B007VXJK6E,Price & Value: The product moderate quality. I faced problems related to price & value and overall it did not meet expectations.,3
36a3feb2-63ca-4a68-aed1-bce22e3398c2,B007VXJK6E,Indicator Lights & Display: The product decent but flawed. I faced problems related to indicator lights & display and overall it did not meet expectations.,3
ec06ef27-d25d-4b6a-9751-268578d7a478,B007VXJK6E,Accessories & Adapter: The product works but not impressive. I faced problems related to accessories & adapter and overall it did not meet expectations.,3
b0112b6f-1496-46d8-96e2-1650c1027b41,B007ZN5ATQ,Support & Maintenance: The product decent but flawed. I faced problems related to support & maintenance and overall it did not meet expectations.,3
9f809d63-6015-4a27-a37a-cc2da787cbff,B007ZN5ATQ,"Noise, Feel & Sensation: The product decent but flawed. I faced problems related to noise, feel & sensation and overall it did not meet expectations.",3
d63d248a-c029-4d38-be83-bdb86331fb91,B007ZN5ATQ,Product Type & Brand: The product decent but flawed. I faced problems related to product type & brand and overall it did not meet expectations.,3
21346979-eceb-4dd2-8d46-45e26934ab51,B007ZN5ATQ,Physical Design & Build: The product average performance. I faced problems related to physical design & build and overall it did not meet expectations.,3
b64b1fac-bd9e-4baf-832c-9d890f2678a0,B007ZN5ATQ,Toothbrush Holder / Dock: The product moderate quality. I faced problems related to toothbrush holder / dock and overall it did not meet expectations.,3
72e4cdc8-f118-4745-b747-415650ba9933,B007ZN5ATQ,Support & Maintenance: The product works but not impressive. I faced problems related to support & maintenance and overall it did not meet expectations.,3
87882cff-75ee-454f-b6a1-e221db67175d,B007ZN5ATQ,Accessories & Adapter: The product decent but flawed. I faced problems related to accessories & adapter and overall it did not meet expectations.,3
918bbba9-a40c-43b1-a421-6a6962c3f278,B007ZN5ATQ,Support & Maintenance: The product average performance. I faced problems related to support & maintenance and overall it did not meet expectations.,3
c8d1c339-ac1d-4976-bcc9-317bce220fa7,B007ZN5ATQ,Toothbrush Holder / Dock: The product works but not impressive. I faced problems related to toothbrush holder / dock and overall it did not meet expectations.,3
0dcb4a3a-f28c-4ecf-9ec6-51fe6355737e,B007ZN5ATQ,Support & Maintenance: The product decent but flawed. I faced problems related to support & maintenance and overall it did not meet expectations.,3
e6ce9d6b-8698-4b48-a037-c821b89e6dc0,B007ZN5ATQ,Product Type & Brand: The product moderate quality. I faced problems related to product type & brand and overall it did not meet expectations.,3
84edddd0-af48-422e-b89a-addd89d4b487,B007ZN5ATQ,Packaging & Delivery: The product moderate quality. I faced problems related to packaging & delivery and overall it did not meet expectations.,3
16ae54f7-f4e3-4efa-bcea-e07c5412e947,B007ZN5ATQ,Accessories & Adapter: The product decent but flawed. I faced problems related to accessories & adapter and overall it did not meet expectations.,3
1e3c3460-74d8-40aa-92e0-f434933e3b38,B007ZN5ATQ,Power & Motor Charging System: The product decent but flawed. I faced problems related to power & motor charging system and overall it did not meet expectations.,3
2b9df948-ea32-42a1-80eb-b7a5f997e74f,B007ZN5ATQ,Indicator Lights & Display: The product average performance. I faced problems related to indicator lights & display and overall it did not meet expectations.,3
f700e59f-0c94-4f28-83ea-127169ce7376,B007ZN5ATQ,"Noise, Feel & Sensation: The product average performance. I faced problems related to noise, feel & sensation and overall it did not meet expectations.",3