asin,review_id,star_rating,sentence,aspect,opinion_term,sentiment,confidence
B007VXJK6E,A1B59UOKB5II2X,5,"This took a few times of using to get used to the &#34;buzz&#34; and tickle in your mouth,",buzz,tickle,Positive,0.8268
B007VXJK6E,A1B59UOKB5II2X,5,wow you feel like you just had a dentist's cleaning every time you brush.,cleaning,had,Negative,0.6818
B007VXJK6E,A1B59UOKB5II2X,5,I noticed my teeth seemed whiter even after the first couple uses as well!,teeth,seemed,Negative,0.9391
B007VXJK6E,A1B59UOKB5II2X,5,"My dental cleanings will be taking half the time and I expect less gum disease, and cavities with the use of it.",time,taking,Positive,0.6684
B007VXJK6E,A1B59UOKB5II2X,5,It was dentist recommended,dentist,recommended,Positive,0.9844
B007VXJK6E,A1B59UOKB5II2X,5,and I think it will be a good investment!,investment,good,Positive,0.9982
B007VXJK6E,A63GSML234W5B,5,It really makes a thorough  job super easy.,job,thorough,Positive,0.9959
B007VXJK6E,A63GSML234W5B,5,This is far more subtle and the results are superior with very little work on the part of the brusher.,results,superior,Positive,0.9894
B007VXJK6E,A3HY3THGD7ANEV,5,They do a great job.,job,great,Positive,0.9989
B007VXJK6E,A3HY3THGD7ANEV,5,When I go to a dentist they look at my teeth and always say 'you must use and electric toothbrush'.,electric,use,Positive,0.8962
B007VXJK6E,A3HY3THGD7ANEV,5,I haven't had a cavity in many years.,cavity,n't had,Neutral,0.5434
B007VXJK6E,AQ6FQTYVMVAMX,5,It works perfectly  each and every time.,works,,Positive,0.9988
B007VXJK6E,AQ6FQTYVMVAMX,5,"I don't have much need for other features, such as beeping and whatnot.",beeping,such,Neutral,0.8005
B007VXJK6E,AQ6FQTYVMVAMX,5,"I mean, it's a toothbrush, not a smartphone.",smartphone,mean,Neutral,0.9732
B007VXJK6E,A2JYR10B40EI3Z,5,The toothbrush arrived on schedule and had great packaging.,packaging,great,Positive,0.9973
B007VXJK6E,A26EQ8U96JA92T,5,My teeth have never felt cleaner.,teeth,cleaner,Negative,0.9962
B007VXJK6E,A26EQ8U96JA92T,5,A electric toothbrush can be a bit of a scary feeling on your first few uses,electric toothbrush,,Negative,0.9947
B007VXJK6E,A26EQ8U96JA92T,5,The 2 minute timer really keeps me honest :),timer,keeps,Positive,0.8297
B007VXJK6E,A32V776TN03KC2,5,YOu can't beat this price.,price,n't beat,Positive,0.998
B007VXJK6E,A32V776TN03KC2,5,"It's new, its amazon exclusive, and it has the 2 minute timer.",timer,has,Neutral,0.683
B007VXJK6E,A32V776TN03KC2,5,"The heads are easy to find everywhere, and the charger is amazing - no plugs you just sit it on top of it, it uses some magnetic induction or something.",heads,easy,Positive,0.9789
B007VXJK6E,A32V776TN03KC2,5,"The heads are easy to find everywhere, and the charger is amazing - no plugs you just sit it on top of it, it uses some magnetic induction or something.",charger,amazing,Positive,0.9593
B007VXJK6E,A32V776TN03KC2,5,"The heads are easy to find everywhere, and the charger is amazing - no plugs you just sit it on top of it, it uses some magnetic induction or something.",plugs,amazing,Positive,0.5855
B007VXJK6E,A32V776TN03KC2,5,"Read the manual, and enjoy.",manual,Read,Positive,0.6017
B007VXJK6E,A32V776TN03KC2,5,Can't rave about it enough.,rave,,Neutral,0.925
B007VXJK6E,A3DITYDVHSJEO2,5,This tooth brush is the single best tooth brush i have ever had.,tooth brush,,Positive,0.9985
B007VXJK6E,A3DITYDVHSJEO2,5,"It leaves my teeth very clean feeling, and I consider myself a brushaholic  and have been for years (ex smoker).",feeling,clean,Positive,0.961
B007VXJK6E,A3DITYDVHSJEO2,5,Great product fantastic price.,price,Great,Positive,0.9986
B007VXJK6E,A1EU10ZW8MU99L,5,"My teeth feel much cleaner, the buildup is completely gone and it's smooth as if I just went in for a cleaning.",teeth,cleaner,Positive,0.9943
B007VXJK6E,A1EU10ZW8MU99L,5,"The unit itself is pretty big and the head does not pop off easy,",unit,big,Positive,0.9049
B007VXJK6E,A1EU10ZW8MU99L,5,"The unit itself is pretty big and the head does not pop off easy,",head,not pop,Negative,0.8268
B007VXJK6E,A1EU10ZW8MU99L,5,The charger base is small and works well.,charger base,,Positive,0.8168
B007VXJK6E,A1EU10ZW8MU99L,5,I only have a few complaints: I wish there was a compact design.,design,compact,Negative,0.8819
B007VXJK6E,A1EU10ZW8MU99L,5,I charge this thing every minute,charge,,Negative,0.9843
B007VXJK6E,A1EU10ZW8MU99L,5,"the 4 I'm using it, why does the battery need to be",battery,need,Negative,0.9662
B007VXJK6E,A1EU10ZW8MU99L,5,"I also wish the base would accommodate one more unit (not charging, just hold it).",base,accommodate,Negative,0.8759
B007VXJK6E,A1EU10ZW8MU99L,5,That way I could buy just another base and switch out when it needs to be charged.,base,buy,Neutral,0.9358
B007VXJK6E,A1EU10ZW8MU99L,5,"Also, a quick release top shouldn't be a ""feature"" of a higher priced model.",feature,priced,Negative,0.6512
B007VXJK6E,A1EU10ZW8MU99L,5,"Also, a quick release top shouldn't be a ""feature"" of a higher priced model.",priced,quick,Negative,0.8707
B007VXJK6E,A1EU10ZW8MU99L,5,"Lastly, I should be able to switch out the brush at will, not the entire top.",brush,switch,Neutral,0.7406
B007VXJK6E,A1EU10ZW8MU99L,5,There's no way I should have to pay $10 per brush when only the tip has worn out.,tip,worn,Negative,0.7444
B007VXJK6E,A1EU10ZW8MU99L,5,Clean teeth are worth the costs.,teeth,Clean,Positive,0.996
B007VXJK6E,A1EU10ZW8MU99L,5,Clean teeth are worth the costs.,costs,worth,Positive,0.9972
B007ZN5ATQ,A1A9PD00UVHHVI,5,The people at the bed and breakfast we are staying at,breakfast,staying,Neutral,0.9832
B007ZN5ATQ,A1A9PD00UVHHVI,5,"we build our house, recommended this toothbrush.",toothbrush,recommended,Positive,0.9894
B007ZN5ATQ,A1A9PD00UVHHVI,5,My teeth feel cleaner than after a trip to my dentist.,teeth,cleaner,Positive,0.9886
B007ZN5ATQ,A1A9PD00UVHHVI,5,Travels well and stays charged.,charged,stays,Negative,0.936
B007ZN5ATQ,A599O3M1DJKUR,5,Note: This model does not have the quad timer.,quad timer,,Negative,0.8779
B007ZN5ATQ,A599O3M1DJKUR,5,The travel bag is &#34;non-optimum.&#34; Spring for the hard plastic molded case; it's worth it and works better than the soft case included with this set.,travel bag,,Negative,0.9807
B007ZN5ATQ,A2EC00UYI9U6HC,5,They make your teeth feel,teeth,feel,Negative,0.9922
B007ZN5ATQ,A24DXMZ9N9SL3B,5,"This is a fantastic toothbrush , the dentist recommended .",toothbrush,fantastic,Positive,0.9986
B007ZN5ATQ,A24DXMZ9N9SL3B,5,easy to control.,control,easy,Positive,0.8117
B007ZN5ATQ,A3EK1NEPCXMGSY,5,The biggest difference between this and the Philips Sonicare Essence (usually sells for about $70 on Amazon) is that this one has a 2 minute timer ONLY.,timer,has,Negative,0.9377
B007ZN5ATQ,A3EK1NEPCXMGSY,5,"The Essence has a 2 minute timer that has a tiny pause every 30 seconds,",timer,has,Neutral,0.5342
B007ZN5ATQ,ASXKOIXZ4LPZ2,5,My teeth have never felt,teeth,never felt,Negative,0.8435
B007ZN5ATQ,ASXKOIXZ4LPZ2,5,this toothbrush is the  best!,toothbrush,best,Positive,0.9987
B007ZN5ATQ,ASXKOIXZ4LPZ2,5,feels like i get a professional cleaning every time!,cleaning,professional,Positive,0.9961
B007ZN5ATQ,ASXKOIXZ4LPZ2,5,holds a charge for a week,charge,holds,Negative,0.7309
B007ZN5ATQ,A26L4QHFHX9GBG,5,"The charge lasts a while, stands straight up on the sink and the travel pack is very nice.",charge,lasts,Neutral,0.9124
B007ZN5ATQ,A26L4QHFHX9GBG,5,"The charge lasts a while, stands straight up on the sink and the travel pack is very nice.",pack,nice,Positive,0.8076
B007ZN5ATQ,A26L4QHFHX9GBG,5,"Have had zero problems, teeth feel very clean and the head is taking some time to wear out.",teeth,clean,Positive,0.9968
B007ZN5ATQ,A3S15YGZ6W6EV2,5,"much and my old electric toothbrush was on its last legs,",electric toothbrush,,Negative,0.9484
B007ZN5ATQ,A3S15YGZ6W6EV2,5,"Wonderful, terrific decision.",decision,Wonderful,Positive,0.9985
B007ZN5ATQ,A3S15YGZ6W6EV2,5,My teeth and gums are,teeth,,Neutral,0.9315
B007ZN5ATQ,A3S15YGZ6W6EV2,5,My teeth and gums are,gums,,Neutral,0.9669
B007ZN5ATQ,A3S15YGZ6W6EV2,5,"I use the same toothpaste, and brush at the 45 degree angle that the toothbrush recommends, and the line between my gums and teeth is perfect.",toothpaste,same,Neutral,0.9393
B007ZN5ATQ,A3S15YGZ6W6EV2,5,"Two minutes, morning and night, and my teeth and gums are beautifully clean.",teeth,clean,Positive,0.9979
B007ZN5ATQ,A3S15YGZ6W6EV2,5,"Two minutes, morning and night, and my teeth and gums are beautifully clean.",gums,clean,Positive,0.998
B007ZN5ATQ,A3S15YGZ6W6EV2,5,"When I floss (every day), I get much less mung from between my teeth, and my gums don't hurt at all from flossing.",gums,n't hurt,Positive,0.9486
B007ZN5ATQ,A3S15YGZ6W6EV2,5,"My only nit, at all, is that when the two minute time period is up, the toothbrush shuts off without warning.",toothbrush,shuts,Negative,0.9907
B007ZN5ATQ,A3S15YGZ6W6EV2,5,"I'd prefer a beep or some signal ahead of time,",signal,prefer,Neutral,0.5868
B007ZN5ATQ,A3S15YGZ6W6EV2,5,that I could plan accordingly.,plan,,Neutral,0.9825
B007ZN5ATQ,A3S15YGZ6W6EV2,5,"Ideally, I'd like a way of measuring the four thirty-second quarters of the two minute time period,",time,measuring,Neutral,0.8716
B007ZN5ATQ,A3S15YGZ6W6EV2,5,I could do my mouth in sections.,mouth,do,Neutral,0.9473
B007ZN5ATQ,A3S15YGZ6W6EV2,5,"For now, I'll use the clock in my bathroom to time my toothbrushing.",clock,use,Neutral,0.9802
B007ZN5ATQ,AQO0UJGJ7ZXIQ,5,"This is a great product, holds a charge for a good while, good for weekend trips especially, and don't need to lug the charger.",charge,holds,Positive,0.9858
B007ZN5ATQ,AQO0UJGJ7ZXIQ,5,"This is a great product, holds a charge for a good while, good for weekend trips especially, and don't need to lug the charger.",charger,lug,Neutral,0.5924
B007ZN5ATQ,A3PIAYO9S0STVO,5,WE love our Sonicare toothbrushes and ordered this one thru Amazon as the price was good.,price,good,Positive,0.9959
B007ZN5ATQ,A3PIAYO9S0STVO,5,The carry case is nice if you are vacation or our for a night or two.,carry case,,Positive,0.9967
B007ZN5ATQ,A3BXRVQLYQHOVE,5,The online prices is also great compared to even Sam's.,prices,online,Positive,0.9946
B007ZN5ATQ,A1GSRK3CZVUZMQ,5,Easy to clean and use.,clean,use,Positive,0.996
B007ZN5ATQ,A1GSRK3CZVUZMQ,5,Easy to clean and use.,use,clean,Positive,0.9966
B007ZN5ATQ,A3RGVDWKSIAX7E,5,In the past few years I had my share of dental work done including an implant and a root canal.,root canal,,Neutral,0.9826
B007ZN5ATQ,A3RGVDWKSIAX7E,5,After my procedures I finally invested in an electric toothbrush.,electric,invested,Positive,0.5443
B007ZN5ATQ,A3RGVDWKSIAX7E,5,The brush does all the work.,brush,does,Positive,0.9943
B007ZN5ATQ,A3RGVDWKSIAX7E,5,The head is small and reaches areas normal brushes miss.,head,small,Negative,0.9945
B007ZN5ATQ,A3RGVDWKSIAX7E,5,The sonicare bristles are jagged shaped and cleans thoroughly.,sonicare bristles,,Positive,0.699
B007ZN5ATQ,A3RGVDWKSIAX7E,5,"After using this for several months, I went to my dentist for my teeth cleaning and he commented on the excellent condition of my teeth (without knowing of my switch to an electronic toothbrush).",electronic,knowing,Neutral,0.9371
B007ZN5ATQ,A3RGVDWKSIAX7E,5,"Floss, brush, rinse.",Floss,,Negative,0.7028
B007ZN5ATQ,A3RGVDWKSIAX7E,5,And use the sonicare.,sonicare,use,Positive,0.9851
B007ZN5ATQ,A39ST611MIEIFL,5,Works very well and it stays charged for a very long time.,charged,stays,Negative,0.9652
B007ZN5ATQ,A39ST611MIEIFL,5,It's never died on me and I don't always have the charger plugged in.,charger,plugged,Neutral,0.6173
B007ZN5ATQ,A39ST611MIEIFL,5,The little carrying case is nice.,case,little,Positive,0.9898
B007ZN5ATQ,A3OIPQ0N6E2JWT,5,I would have never believed that a tooth brush could make such a difference in how clean my teeth felt.,tooth brush,,Positive,0.9981
B007ZN5ATQ,A3OIPQ0N6E2JWT,5,This tooth brush cleans my teeth,tooth brush,,Positive,0.9532
B007ZN5ATQ,A3OIPQ0N6E2JWT,5,well that they feel like I just had them professionally cleaned.,cleaned,,Negative,0.7973
B007ZN5ATQ,A3OIPQ0N6E2JWT,5,I have had it almost 3 months and the e-series brush head is just about ready for replacement,brush head,,Negative,0.818
B007ZN5ATQ,A3OIPQ0N6E2JWT,5,glad I made the investment...,investment,made,Positive,0.9976
B007ZN5ATQ,AS1RPAY2NAPAQ,5,"This was the best price i found on this, after much research--It works great, and is",price,best,Positive,0.9974
B007ZN5ATQ,AS1RPAY2NAPAQ,5,"This was the best price i found on this, after much research--It works great, and is",works,great,Positive,0.9975
B007ZN5ATQ,AS1RPAY2NAPAQ,5,worth the money!,money,worth,Positive,0.9987
B003UKM9CO,A1J5HIF41ENSMZ,5,The first one is a 3D Excel that I've used for over five years.,3D Excel,,Neutral,0.9255
B003UKM9CO,A1J5HIF41ENSMZ,5,"From what I can tell, it's primarily cosmetic changes - and the 1000 only has one speed instead of two on the 3D Excel.",speed,has,Negative,0.5959
B003UKM9CO,A1J5HIF41ENSMZ,5,"From what I can tell, it's primarily cosmetic changes - and the 1000 only has one speed instead of two on the 3D Excel.",3D Excel,,Neutral,0.8861
B003UKM9CO,A1J5HIF41ENSMZ,5,I started using the Excel.,Excel,using,Neutral,0.9849
B003UKM9CO,A1J5HIF41ENSMZ,5,"In the five plus years that I've used my 3D Excel, I have never used the second (slower) speed.",3D Excel,,Neutral,0.821
B003UKM9CO,A1J5HIF41ENSMZ,5,"In the five plus years that I've used my 3D Excel, I have never used the second (slower) speed.",speed,second,Negative,0.9606
B003UKM9CO,A1J5HIF41ENSMZ,5,"I believe that the slower speed is for more sensitive teeth/gums,",speed,slower,Negative,0.967
B003UKM9CO,A1J5HIF41ENSMZ,5,"the ""normal"" speed has been fine for me - and I have sensitive teeth and gums.",speed,normal,Positive,0.9528
B003UKM9CO,A1J5HIF41ENSMZ,5,"So, for me, the single speed on the 1000 was just fine.",single speed,,Positive,0.8125
B003UKM9CO,A1J5HIF41ENSMZ,5,"I also found that I don't use the toothbrush head storage in the larger base of the Excel,",storage,n't use,Neutral,0.7879
B003UKM9CO,A1J5HIF41ENSMZ,5,the smaller charging base of the 1000 was great.,charging base,,Negative,0.6587
B003UKM9CO,A1J5HIF41ENSMZ,5,As a note - the different heads available can be quite different.,heads,different,Neutral,0.8618
B003UKM9CO,A1J5HIF41ENSMZ,5,"So, maybe give a couple different versions a try if you don't like what comes with it.",versions,different,Neutral,0.6197
B003UKM9CO,A1J5HIF41ENSMZ,5,"I do use the normal brush speed, I prefer the sensitive heads because of my gums.",brush speed,,Neutral,0.898
B003UKM9CO,A1J5HIF41ENSMZ,5,"I do use the normal brush speed, I prefer the sensitive heads because of my gums.",sensitive,prefer,Positive,0.5521
B003UKM9CO,A1J5HIF41ENSMZ,5,The heads with the rubber disc in the center can be a bit abrasive to me.,heads,abrasive,Negative,0.9925
B003UKM9CO,A1J5HIF41ENSMZ,5,The heads with the rubber disc in the center can be a bit abrasive to me.,rubber disc,,Negative,0.9844
B003UKM9CO,A2WN1QF8GSVHYV,5,The brush head on the Oral-B is smaller than any others I have seen & gets to places you can't even reach with a kid's toothbrush!Timer lets you know when it is time to switch quadrants with a giggle/hesitation in the motor.,brush head,,Negative,0.9913
B003UKM9CO,A2WN1QF8GSVHYV,5,The brush head on the Oral-B is smaller than any others I have seen & gets to places you can't even reach with a kid's toothbrush!Timer lets you know when it is time to switch quadrants with a giggle/hesitation in the motor.,Timer,lets,Neutral,0.9241
B003UKM9CO,A2WN1QF8GSVHYV,5,"Has 3 settings - I like the regular & sensitive settings the best, you can feel the difference if you have sensitive areas, or I'm sure if your entire mouth is sensitive.",settings,Has,Positive,0.9832
B003UKM9CO,A2WN1QF8GSVHYV,5,"Has 3 settings - I like the regular & sensitive settings the best, you can feel the difference if you have sensitive areas, or I'm sure if your entire mouth is sensitive.",settings,Has,Positive,0.9832
B003UKM9CO,A2WN1QF8GSVHYV,5,The flossing is great too!,flossing,great,Positive,0.9986
B003UKM9CO,A2WN1QF8GSVHYV,5,the prices are reasonable.,prices,reasonable,Positive,0.99
B003UKM9CO,A2WN1QF8GSVHYV,5,"VERY soft bristles, reaches everywhere, even behind front teeth & behind the back molars!Gentle,",bristles,soft,Positive,0.997
B003UKM9CO,A2WN1QF8GSVHYV,5,Easier to handle for those with arthritis.,handle,Easier,Positive,0.9504
B003UKM9CO,A2WN1QF8GSVHYV,5,"Floss, extra heads (different types) & extra-sensitive heads are available & the prices are reasonable!You can buy an optional ring stand that goes on the bottom to hold 2 more heads if using for 3 people - great for guests.",extra - sensitive heads,,Positive,0.9647
B003UKM9CO,A2WN1QF8GSVHYV,5,"Floss, extra heads (different types) & extra-sensitive heads are available & the prices are reasonable!You can buy an optional ring stand that goes on the bottom to hold 2 more heads if using for 3 people - great for guests.",prices,available,Positive,0.8647
B003UKM9CO,A2WN1QF8GSVHYV,5,"Floss, extra heads (different types) & extra-sensitive heads are available & the prices are reasonable!You can buy an optional ring stand that goes on the bottom to hold 2 more heads if using for 3 people - great for guests.",ring stand,,Neutral,0.6951
B003UKM9CO,A2WN1QF8GSVHYV,5,The head is the only part that goes in your mouth.,head,only,Neutral,0.4457
B003UKM9CO,A2WN1QF8GSVHYV,5,The only drawback is that there are no covers for your toothbrush head!,covers,only,Negative,0.9601
B003UKM9CO,A2WN1QF8GSVHYV,5,seems someone missed that essential detail.,detail,essential,Negative,0.9969
B003UKM9CO,A2WN1QF8GSVHYV,5,My teeth feel like they do after I get the grit out from the dentist's cleaning.,teeth,feel,Negative,0.6156
B003UKM9CO,A2WN1QF8GSVHYV,5,This is a really nice upgrade from my SonicCare Pro!,upgrade,nice,Positive,0.7644
B003UKM9CO,A404TOR0ATGXJ,5,"This thing cleans much, much better than a manual toothbrush.",cleans,much,Positive,0.9951
B003UKM9CO,A404TOR0ATGXJ,5,"In fact, when we use manual toothbrushes for a couple days",manual,use,Neutral,0.6393
B003UKM9CO,A3OOLENXICN68G,5,I haven't had any issues with it and am impressed with the battery life.,battery life,,Positive,0.9988
B003UKM9CO,A3FEGTOLCWXSV4,5,"Oral-B has a number of brushes available - the Sonic, Vitality, the Professional Care family (which comprises the 1000 and 3000), and the Professional Care SmartSeries (4000 and 5000).",Professional Care family,,Neutral,0.9697
B003UKM9CO,A3FEGTOLCWXSV4,5,"Oral-B has a number of brushes available - the Sonic, Vitality, the Professional Care family (which comprises the 1000 and 3000), and the Professional Care SmartSeries (4000 and 5000).",Professional Care SmartSeries,,Neutral,0.9753
B003UKM9CO,A3FEGTOLCWXSV4,5,The Oral-B 1000 is the entry level of the Professional Care series.,Oral,,Neutral,0.9182
B003UKM9CO,A3FEGTOLCWXSV4,5,"In my usage of the Vitality and the Oral-B 1000, the Oral-B 1000 stands at the minimum level of functionality to make an electric toothbrush viable.",Oral -,,Negative,0.9117
B003UKM9CO,A3FEGTOLCWXSV4,5,"For example, the Vitality does not have a quadrant timer (it beeps only at the end of the 2-minute cycle), is rated at only 7600 oscillations per second, and does not have battery charging indicators.",battery charging indicators,,Negative,0.9179
B003UKM9CO,A3FEGTOLCWXSV4,5,"The brushes in the Professional Care series on the other hand add quadrant timers, and are rated both at 8800 oscillations per second and at 40,000 pulsations per second.",brushes,add,Neutral,0.9648
B003UKM9CO,A3FEGTOLCWXSV4,5,"The brushes in the Professional Care series on the other hand add quadrant timers, and are rated both at 8800 oscillations per second and at 40,000 pulsations per second.",Care,other,Neutral,0.9724
B003UKM9CO,A3FEGTOLCWXSV4,5,"As you go higher in the Professional Care family you get multiple brush modes (daily clean, sensitive, polish, deep clean), pressure sensors, and even wireless displays.",pressure sensors,,Neutral,0.7592
B003UKM9CO,A3FEGTOLCWXSV4,5,"As you go higher in the Professional Care family you get multiple brush modes (daily clean, sensitive, polish, deep clean), pressure sensors, and even wireless displays.",wireless displays,,Neutral,0.6723
B003UKM9CO,A3FEGTOLCWXSV4,5,"Overall, the brush is simply wonderful.",brush,wonderful,Positive,0.9988
B003UKM9CO,A3FEGTOLCWXSV4,5,"I've tried the pro white, precision clean, and dual clean brush heads, and I'm simply thrilled with each,",pro white,,Positive,0.8327
B003UKM9CO,A3FEGTOLCWXSV4,5,"I've tried the pro white, precision clean, and dual clean brush heads, and I'm simply thrilled with each,",precision clean,,Positive,0.8001
B003UKM9CO,A3FEGTOLCWXSV4,5,"I've tried the pro white, precision clean, and dual clean brush heads, and I'm simply thrilled with each,",dual clean,,Positive,0.8831
B003UKM9CO,A3FEGTOLCWXSV4,5,"I've tried the pro white, precision clean, and dual clean brush heads, and I'm simply thrilled with each,",heads,white,Positive,0.9398
B003UKM9CO,A3FEGTOLCWXSV4,5,"It works noticeably better than my manual toothbrush, in particular with cleaning between my teeth.",manual,better,Negative,0.6317
B003UKM9CO,A3FEGTOLCWXSV4,5,I'm definitely a happy camper.,camper,happy,Positive,0.9984
B003UKM9CO,A3FEGTOLCWXSV4,5,Do note that the Professional Care 1000's specifications indicate the presence of a pressure sensor.,specifications,indicate,Neutral,0.9631
B003UKM9CO,A3FEGTOLCWXSV4,5,Do note that the Professional Care 1000's specifications indicate the presence of a pressure sensor.,pressure,indicate,Neutral,0.9542
B003UKM9CO,A1U0SGKIDHQE1I,5,strong enough to give the best clean I've ever had.,clean,best,Positive,0.9969
B003UKM9CO,A1U0SGKIDHQE1I,5,It gets the tartar at the gum line like nobody's business.,tartar,gets,Negative,0.6015
B003UKM9CO,A1U0SGKIDHQE1I,5,It gets the tartar at the gum line like nobody's business.,gum line,,Negative,0.5318
B003UKM9CO,A1U0SGKIDHQE1I,5,I wholeheartedly recommend this tooth brush.,brush,recommend,Positive,0.9985
B003UKM9CO,AITHKUEHE8L85,5,"Solid powerful motor, good brush.",motor,Solid,Positive,0.9978
B003UKM9CO,AITHKUEHE8L85,5,"Solid powerful motor, good brush.",brush,good,Positive,0.998
B003UKM9CO,AITHKUEHE8L85,5,Price is decent for the quality.,Price,decent,Positive,0.7807
B003UKM9CO,AITHKUEHE8L85,5,Have been using it for a few months now and it lasts days without charging.,charging,lasts,Positive,0.6715
B003UKM9CO,A24R30PNVRG4VG,5,This is my third Oral-B electrical toothbrush.,toothbrush,third,Neutral,0.9042
B003UKM9CO,A24R30PNVRG4VG,5,Initially I owned a battery operated one.,battery,operated,Neutral,0.9571
B003UKM9CO,A24R30PNVRG4VG,5,After it go rusty in the battery compartment,battery compartment,,Negative,0.8952
B003UKM9CO,A24R30PNVRG4VG,5,it was not a Pro flavor.,flavor,Pro,Negative,0.7599
B003UKM9CO,A24R30PNVRG4VG,5,"Despite having a Ni-Cd battery, it has been working for probably 4 years and is",Ni,having,Neutral,0.7398
B003UKM9CO,A24R30PNVRG4VG,5,"Despite having a Ni-Cd battery, it has been working for probably 4 years and is",battery,having,Neutral,0.6606
B003UKM9CO,A24R30PNVRG4VG,5,"""Now, with all the addition of bathroom gadgets that require electricity, the next problem is to install extra GFI outlets and hide all the cords!",outlets,extra,Negative,0.756
B003UKM9CO,A24R30PNVRG4VG,5,"""Now, with all the addition of bathroom gadgets that require electricity, the next problem is to install extra GFI outlets and hide all the cords!",cords,hide,Negative,0.8917
B003UKM9CO,A2JDVQ3W6KAHUU,5,I used to have an older model of Oral-B and the battery wouldn't charge anymore.,battery,n't charge,Negative,0.9937
B003UKM9CO,A2JDVQ3W6KAHUU,5,"The movement is better, it let's you know when you need to recharge and my teeth feel even cleaner that with the previous one.",movement,better,Positive,0.9966
B003UKM9CO,A36JO8IHKYBMMJ,5,I came to this electric toothbrush after a year of using thePhilips Sonicare HX6972/10 FlexCare Plus Rechargeable Electric Toothbrush.,electric toothbrush,,Neutral,0.7571
B003UKM9CO,A36JO8IHKYBMMJ,5,I came to this electric toothbrush after a year of using thePhilips Sonicare HX6972/10 FlexCare Plus Rechargeable Electric Toothbrush.,Electric Toothbrush,,Neutral,0.7873
B003UKM9CO,A36JO8IHKYBMMJ,5,"The Oral-B Professional is of comparable quality, and that is high praise for a machine that costs half to a third (depending on which model you buy) of the Philips.",costs,third,Positive,0.8938
B003UKM9CO,A36JO8IHKYBMMJ,5,"The Philips, I think cleans a little better,",Philips,cleans,Positive,0.9815
B003UKM9CO,A36JO8IHKYBMMJ,5,"The Philips, I think cleans a little better,",cleans,think,Positive,0.9752
B003UKM9CO,A36JO8IHKYBMMJ,5,that could be a result of another feature it has over the Oral-B---a timer.,timer,has,Neutral,0.9717
B003UKM9CO,A36JO8IHKYBMMJ,5,"The Oral-B does not, which means you have to be a little more disciplined in switching it up.",Oral - B,,Negative,0.8712
B003UKM9CO,A36JO8IHKYBMMJ,5,I recently had oral surgery and I could not handle the Philips toothbrush in my mouth.,Philips,handle,Negative,0.9905
B003UKM9CO,A36JO8IHKYBMMJ,5,"Since the surgery a month ago, I've been almost exclusively using the Oral-B. The Philips does have a few more bells and whistles,",Oral,using,Positive,0.6136
B003UKM9CO,A3561VDJLECLIQ,5,"It seemed my first choice, did not vibrate enough.",vibrate,first,Negative,0.9943
B003UKM9CO,A3561VDJLECLIQ,5,"Well, I really found out what sonic action is,even on the low setting, with very little noise, about a 2 on the 10 scale.",sonic action,,Positive,0.8853
B003UKM9CO,A3561VDJLECLIQ,5,I'm sure this would message and vibrate (occuring in brush head),message,vibrate,Neutral,0.5455
B003UKM9CO,A3561VDJLECLIQ,5,"However, the noise for it is about a 4 and The charge only last about four uses for me.",noise,last,Negative,0.963
B003UKM9CO,A3561VDJLECLIQ,5,"However, the noise for it is about a 4 and The charge only last about four uses for me.",charge,last,Negative,0.7949
B003UKM9CO,ABJIXMSVJ5YK2,5,Replaced a model from 6 years ago.,model,Replaced,Neutral,0.9853
B003UKM9CO,ABJIXMSVJ5YK2,5,I use a timer to charge the battery 3-4 hours a day for longevity.,timer,use,Neutral,0.9684
B003UKM9CO,ABJIXMSVJ5YK2,5,I use a timer to charge the battery 3-4 hours a day for longevity.,battery,charge,Neutral,0.964
B003UKM9CO,A3I2E3IWY7RW00,5,"This is my first electronic toothbrush,",electronic,first,Positive,0.8179
B003UKM9CO,A3I2E3IWY7RW00,5,"I used the precision clean brush head that it came with and my mouth felt very clean afterwards,",brush head,,Positive,0.985
B003UKM9CO,A3I2E3IWY7RW00,5,"I used the precision clean brush head that it came with and my mouth felt very clean afterwards,",mouth,clean,Positive,0.9873
B003UKM9CO,A3I2E3IWY7RW00,5,then after purchasing the floss action brush head--wow--even better!,head,purchasing,Positive,0.9954
B003UKM9CO,ADFQS81MLFSIJ,5,"I did lots of research, I can't find a reason to spend more money, this one does pretty much 90% of what the more and most expensive brushes do.",brushes,more,Negative,0.9897
B003UKM9CO,A3JMRDOJV7XNIP,5,"This is my second electric tooth brush, the fist Oral B having worked as usual for over ten years.",electric,second,Neutral,0.9202
B003UKM9CO,A3JMRDOJV7XNIP,5,"This is my second electric tooth brush, the fist Oral B having worked as usual for over ten years.",brush,second,Neutral,0.9144
B003UKM9CO,A3JMRDOJV7XNIP,5,This model is a streamlined version of my old one and gives me the same clean feeling.,feeling,same,Positive,0.9458
B003UKM9CO,A3JMRDOJV7XNIP,5,It's good to have such a reliable product that I can rely on over the years.,product,reliable,Positive,0.9984
B003UKM9CO,A1403S76T94H6W,5,this is an excellent product .,product,excellent,Positive,0.9987
B003UKM9CO,A1403S76T94H6W,5,My dentist recommended this brush due to past history of gingivitis which has not since using itDownside is the cost of replacement brush heads..,brush,recommended,Positive,0.8486
B003UKM9CO,A1403S76T94H6W,5,My dentist recommended this brush due to past history of gingivitis which has not since using itDownside is the cost of replacement brush heads..,cost,using,Negative,0.9412
B003UKM9CO,A1403S76T94H6W,5,Amazon has good pricing for the replacements,pricing,good,Positive,0.9841
B003UKM9CO,A18M7IBVN3DKP,5,"the timer can be a bit annoying if you're a person who normally brushes their teeth longer than 2 minutes,",timer,annoying,Negative,0.9958
B003UKM9CO,A2G9UDL72YUTT8,5,"I was curious to see how this new Oral-B toothbrush would compare to my old toothbrush and if it would be worth it to ""upgrade"".",upgrade,worth,Neutral,0.9401
B003UKM9CO,A2G9UDL72YUTT8,5,"I foung that after using the toothbrush for a week, that this Oral-B toothbrush was significantly better than my old Oral B toothbrush.",Oral - B,,Positive,0.9239
B003UKM9CO,A2G9UDL72YUTT8,5,"Overall, this is a very simple toothbrush.",toothbrush,simple,Positive,0.5687
B003UKM9CO,A2G9UDL72YUTT8,5,"Using the idea that you should brush for 2 minutes, which equals 30 seconds for a quadrant of your mouth, just press the button to turn it on and every 30 seconds, the toothbrush seems to hesitate to let you know that you should brush in a different area of your mouth.",toothbrush,seems,Negative,0.9811
B003UKM9CO,A2G9UDL72YUTT8,5,Seems a tad silly (I think a simple 2 minute timer would work better/make more sense,timer,simple,Positive,0.683
B003UKM9CO,A2G9UDL72YUTT8,5,I got use to it.,use,got,Neutral,0.6035
B003UKM9CO,A2G9UDL72YUTT8,5,"The speed of the toothbrush is much faster than my old toothbrush and when I finished brushing, my mouth had that clean feeling you get after your dental hygenist cleans your teeth.",speed,faster,Positive,0.976
B003UKM9CO,A2G9UDL72YUTT8,5,I found it easy to handle and use in every cranny in my mouth.,handle,use,Positive,0.998
B003UKM9CO,A2G9UDL72YUTT8,5,I found it easy to handle and use in every cranny in my mouth.,use,handle,Positive,0.9978
B003UKM9CO,A2G9UDL72YUTT8,5,A warning light lets you know when your battery is starting to fade and you need to recharge.,battery,starting,Negative,0.9273
B003UKM9CO,A2G9UDL72YUTT8,5,"The recharger base is much smaller than the old ones and hardly takes up hardly any room (which is important if you don't have much shelf space).If you're like me and you have an older Oral-B, I recommend upgrading to this new Oral-B.",recharger base,,Negative,0.9419
B003UKM9CO,A2G9UDL72YUTT8,5,"The recharger base is much smaller than the old ones and hardly takes up hardly any room (which is important if you don't have much shelf space).If you're like me and you have an older Oral-B, I recommend upgrading to this new Oral-B.",room,takes,Neutral,0.6502
B003UKM9CO,A2G9UDL72YUTT8,5,It's a much better toothbrush.,toothbrush,better,Positive,0.9985
B003UKM9CO,ABBIB3ZHNS4X8,5,It works great.,works,great,Positive,0.9987
B003UKM9CO,A3MWXF2CLXHBRI,5,I bought this to replace a less expensive Oral-B electric toothbrush that someone accidentally broke.,electric,Oral,Neutral,0.7636
B003UKM9CO,A3MWXF2CLXHBRI,5,This one has more power and suits me just fine.,power,more,Positive,0.9946
B003UKM9CO,A3MWXF2CLXHBRI,5,"For me, this makes thorough cleaning much easier than when using a toothbrush with an oval head.",cleaning,thorough,Positive,0.9815
B003UKM9CO,A2RVJY4WUNKN7B,5,"I received the package on time, the toothbrush was as described.",package,received,Positive,0.9189
B003UKM9CO,A2RVJY4WUNKN7B,5,"I received the package on time, the toothbrush was as described.",toothbrush,described,Positive,0.8296
B003UKM9CO,A2RVJY4WUNKN7B,5,I am soooo happy to be back to the Oral B - I feel like it works better and is more comfortable to use.,Oral B,,Positive,0.9984
B003UKM9CO,A2RVJY4WUNKN7B,5,I am soooo happy to be back to the Oral B - I feel like it works better and is more comfortable to use.,use,comfortable,Positive,0.9976
B003UKM9CO,A2RVJY4WUNKN7B,5,"The 30 sec phases work,",phases,work,Neutral,0.7327
B003UKM9CO,A2RVJY4WUNKN7B,5,it doesn't shut off after 2 minutes...which is nice actually!,shut,nice,Positive,0.953
B003UKM9CO,A1WAA32LZ1488K,5,These brushes are great.,brushes,great,Positive,0.9987
B003UKM9CO,A1WAA32LZ1488K,5,This is a great price on amazon too.,price,great,Positive,0.9983
B003UKM9CO,AA8JVE6BAA5PN,5,"So, when I needed a new brush, I reviewed the data on both the Phillips and the Oral B, and liked the sound of the Oral B reviews.",sound,liked,Positive,0.9945
B003UKM9CO,AA8JVE6BAA5PN,5,Less noise and easier on my mouth.,noise,Less,Positive,0.9957
B003UKM9CO,A2TD8LBGIWBM42,5,she recently lost her other charger to her other brush,charger,other,Negative,0.7854
B003UKM9CO,A2C3VC5JTYVRCL,5,I have also been using an Oral-B for years and like them a lot.,Oral - B,,Positive,0.9918
B003UKM9CO,A2C3VC5JTYVRCL,5,The heads are nice and small for kids' mouths and the built in timer is very handy.,heads,nice,Positive,0.6106
B003UKM9CO,A2C3VC5JTYVRCL,5,The heads are nice and small for kids' mouths and the built in timer is very handy.,built in timer,,Positive,0.9923
B003UKM9CO,A2C3VC5JTYVRCL,5,"Previously we had been buying the disposable battery-operated brushes for them at the grocery store,",brushes,disposable,Neutral,0.8685
B003UKM9CO,A2C3VC5JTYVRCL,5,these were a great investment.,investment,great,Positive,0.9987
B003UKM9CO,A18YMFFJW974QS,5,"The bottom of the toothbrush (in addition to ""Made in Germany"") is labeled ""Braun"".",bottom,labeled,Neutral,0.8798
B003UKM9CO,A18YMFFJW974QS,5,Well my wife has had a Braun 3D Excel for 10 years and it has worked flawlessly.,3D Excel,,Positive,0.9966
B003UKM9CO,A18YMFFJW974QS,5,it does not have variable speeds.,variable speeds,,Negative,0.9627
B003UKM9CO,A18YMFFJW974QS,5,"A run down on the Oral B 1000-- Nice charging stand - the Oral B 1000 can be charged even if some water is present due to its non-metal-on-metal contact between the charger and the brush.- Oddly, it is only 1 speed.",charging stand,,Positive,0.9468
B003UKM9CO,A18YMFFJW974QS,5,"I am not sure if there is a need for variable speeds,",variable speeds,,Neutral,0.9833
B003UKM9CO,A18YMFFJW974QS,5,"I only use the high speed,",speed,high,Positive,0.5656
B003UKM9CO,A18YMFFJW974QS,5,the Oral B 1000 only offers 1- Nice rubberized grip- Replacement heads are not overly expensive-,grip,Nice,Positive,0.5537
B003UKM9CO,A18YMFFJW974QS,5,the Oral B 1000 only offers 1- Nice rubberized grip- Replacement heads are not overly expensive-,Replacement heads,,Neutral,0.5796
B003UKM9CO,A18YMFFJW974QS,5,Not too loud - a humming sound is all that you hear-,sound,humming,Negative,0.5162
B003UKM9CO,A18YMFFJW974QS,5,Battery life - pretty decent - you take it on vacation without worries-,Battery life,,Positive,0.9812
B003UKM9CO,A18YMFFJW974QS,5,An efficient way to brush - the rotating heads really are more effective than standard brushing.,rotating heads,,Positive,0.9722
B003UKM9CO,A18YMFFJW974QS,5,This will help you remove more plaque from your teeth!Final Verdict -Whether you call it a Braun or and Oral B - the Oral B 1000 is a top choice for a moderately priced electric toothbrush.5 Stars,priced,electric,Positive,0.9555
B003UKM9CO,A2PSVETZUVZUQR,5,This is a great little electric toothbrush.,electric,little,Positive,0.9972
B003UKM9CO,A2PSVETZUVZUQR,5,It does what it needs to do without all the bells and whistles.,whistles,needs,Negative,0.575
B003UKM9CO,A2PSVETZUVZUQR,5,The 30 second timer feature is nice too.,timer feature,,Positive,0.997
B007VXJK6E,2fb31e42-bb67-4be6-ba93-6e015ce315a7,1,Case & Storage:,Case,,Neutral,0.9817
B007VXJK6E,2fb31e42-bb67-4be6-ba93-6e015ce315a7,1,Case & Storage:,Storage,,Neutral,0.9803
B007VXJK6E,2fb31e42-bb67-4be6-ba93-6e015ce315a7,1,The product poor experience.,experience,poor,Negative,0.9938
B007VXJK6E,2fb31e42-bb67-4be6-ba93-6e015ce315a7,1,I faced problems related to case & storage and overall it did not meet expectations.,storage,related,Negative,0.9968
B007VXJK6E,c057e808-6745-4bd0-8995-622a88f909e6,1,Support & Maintenance:,Support,,Neutral,0.9836
B007VXJK6E,c057e808-6745-4bd0-8995-622a88f909e6,1,Support & Maintenance:,Maintenance,,Neutral,0.979
B007VXJK6E,c057e808-6745-4bd0-8995-622a88f909e6,1,I faced problems related to support & maintenance and overall it did not meet expectations.,maintenance,related,Negative,0.9968
B007VXJK6E,68f3f533-db3d-4d63-9dec-d10c8d259d7b,1,Toothbrush Holder / Dock:,Dock,,Neutral,0.981
B007VXJK6E,68f3f533-db3d-4d63-9dec-d10c8d259d7b,1,I faced problems related to toothbrush holder / dock and overall it did not meet expectations.,dock,related,Negative,0.9965
B007VXJK6E,954437d2-a0ef-407d-b71a-bca1841cf2e6,1,Timer & Pacing: The product not worth buying.,Timer,worth,Negative,0.9904
B007VXJK6E,954437d2-a0ef-407d-b71a-bca1841cf2e6,1,I faced problems related to timer & pacing and overall it did not meet expectations.,pacing,related,Negative,0.9971
B007VXJK6E,a012a0c6-1bd0-473c-8b1f-a8b0312d1e55,1,Case & Storage:,Case,,Neutral,0.9817
B007VXJK6E,a012a0c6-1bd0-473c-8b1f-a8b0312d1e55,1,Case & Storage:,Storage,,Neutral,0.9803
B007VXJK6E,a012a0c6-1bd0-473c-8b1f-a8b0312d1e55,1,I faced problems related to case & storage and overall it did not meet expectations.,storage,related,Negative,0.9968
B007ZN5ATQ,06838e98-af96-45d2-ae7b-f1ad476410f5,1,"I faced problems related to noise, feel & sensation and overall it did not meet expectations.",feel,related,Negative,0.9968
B007ZN5ATQ,06838e98-af96-45d2-ae7b-f1ad476410f5,1,"I faced problems related to noise, feel & sensation and overall it did not meet expectations.",sensation,related,Negative,0.9971
B007ZN5ATQ,cd2c99f6-edf0-4ec3-a778-5ff74389b066,1,Support & Maintenance:,Support,,Neutral,0.9836
B007ZN5ATQ,cd2c99f6-edf0-4ec3-a778-5ff74389b066,1,Support & Maintenance:,Maintenance,,Neutral,0.979
B007ZN5ATQ,cd2c99f6-edf0-4ec3-a778-5ff74389b066,1,The product very disappointing.,product,disappointing,Negative,0.997
B007ZN5ATQ,cd2c99f6-edf0-4ec3-a778-5ff74389b066,1,I faced problems related to support & maintenance and overall it did not meet expectations.,maintenance,related,Negative,0.9968
B007ZN5ATQ,973ba989-655d-4736-a85b-80c659708ca1,1,Price & Value: The product serious issues.,Price,serious,Negative,0.9962
B007ZN5ATQ,973ba989-655d-4736-a85b-80c659708ca1,1,Price & Value: The product serious issues.,Value,serious,Negative,0.9965
B007ZN5ATQ,973ba989-655d-4736-a85b-80c659708ca1,1,I faced problems related to price & value and overall it did not meet expectations.,value,related,Negative,0.9966
B007ZN5ATQ,9d653595-a7a6-437f-924e-aff102a8a963,1,Pressure Sensor: The product very disappointing.,Pressure Sensor,,Negative,0.9966
B007ZN5ATQ,9d653595-a7a6-437f-924e-aff102a8a963,1,I faced problems related to pressure sensor and overall it did not meet expectations.,pressure sensor,,Negative,0.9971
B007ZN5ATQ,a8c66bc2-337c-4804-847b-81363fff6814,1,Toothbrush Holder / Dock:,Dock,,Neutral,0.981
B007ZN5ATQ,a8c66bc2-337c-4804-847b-81363fff6814,1,I faced problems related to toothbrush holder / dock and overall it did not meet expectations.,dock,related,Negative,0.9965
B007ZN5ATQ,e7ee5c2e-ef77-45a5-b10f-6d4eb16ad2b0,1,Indicator Lights & Display: The product serious issues.,Indicator Lights,,Negative,0.997
B007ZN5ATQ,e7ee5c2e-ef77-45a5-b10f-6d4eb16ad2b0,1,Indicator Lights & Display: The product serious issues.,Display,serious,Negative,0.997
B007ZN5ATQ,e7ee5c2e-ef77-45a5-b10f-6d4eb16ad2b0,1,I faced problems related to indicator lights & display and overall it did not meet expectations.,indicator lights,,Negative,0.9968
B007ZN5ATQ,e7ee5c2e-ef77-45a5-b10f-6d4eb16ad2b0,1,I faced problems related to indicator lights & display and overall it did not meet expectations.,display,related,Negative,0.997
B007ZN5ATQ,bb1cfc7c-62ed-4e3c-ab0c-1312867a83f0,1,Price & Value: The product not worth buying.,Price,worth,Negative,0.9942
B007ZN5ATQ,bb1cfc7c-62ed-4e3c-ab0c-1312867a83f0,1,Price & Value: The product not worth buying.,Value,worth,Negative,0.9948
B007ZN5ATQ,bb1cfc7c-62ed-4e3c-ab0c-1312867a83f0,1,I faced problems related to price & value and overall it did not meet expectations.,value,related,Negative,0.9966
B007ZN5ATQ,c3ed1c2f-a45d-44b8-a85f-cf95714d5da8,1,Brush Head: The product poor experience.,Brush Head,,Negative,0.9961
B007ZN5ATQ,c3ed1c2f-a45d-44b8-a85f-cf95714d5da8,1,Brush Head: The product poor experience.,experience,poor,Negative,0.9969
B007ZN5ATQ,c3ed1c2f-a45d-44b8-a85f-cf95714d5da8,1,I faced problems related to brush head and overall it did not meet expectations.,brush head,,Negative,0.9971
B007ZN5ATQ,4257156e-f9aa-453d-b55b-54c41ee41494,1,Pressure Sensor: The product stopped working quickly.,Pressure Sensor,,Negative,0.9968
B007ZN5ATQ,4257156e-f9aa-453d-b55b-54c41ee41494,1,I faced problems related to pressure sensor and overall it did not meet expectations.,pressure sensor,,Negative,0.9971
B007ZN5ATQ,1bf1fe8d-7c5c-48cb-abc8-c4dcb8a9497a,1,Cleaning Performance & Oral Health: The product stopped working quickly.,Cleaning,stopped,Negative,0.9954
B007ZN5ATQ,1bf1fe8d-7c5c-48cb-abc8-c4dcb8a9497a,1,I faced problems related to cleaning performance & oral health and overall it did not meet expectations.,cleaning performance,,Negative,0.9969
B007ZN5ATQ,1bf1fe8d-7c5c-48cb-abc8-c4dcb8a9497a,1,I faced problems related to cleaning performance & oral health and overall it did not meet expectations.,health,oral,Negative,0.9964
B007ZN5ATQ,5f295eb1-8a5a-4e8b-b426-0113ce97306e,1,Indicator Lights & Display: The product not worth buying.,Indicator Lights,,Negative,0.9961
B007ZN5ATQ,5f295eb1-8a5a-4e8b-b426-0113ce97306e,1,Indicator Lights & Display: The product not worth buying.,Display,worth,Negative,0.9962
B007ZN5ATQ,5f295eb1-8a5a-4e8b-b426-0113ce97306e,1,I faced problems related to indicator lights & display and overall it did not meet expectations.,indicator lights,,Negative,0.9968
B007ZN5ATQ,5f295eb1-8a5a-4e8b-b426-0113ce97306e,1,I faced problems related to indicator lights & display and overall it did not meet expectations.,display,related,Negative,0.997
B007ZN5ATQ,8cbea26f-16e4-4af1-b06d-bb51bbed904c,1,Support & Maintenance:,Support,,Neutral,0.9836
B007ZN5ATQ,8cbea26f-16e4-4af1-b06d-bb51bbed904c,1,Support & Maintenance:,Maintenance,,Neutral,0.979
B007ZN5ATQ,8cbea26f-16e4-4af1-b06d-bb51bbed904c,1,I faced problems related to support & maintenance and overall it did not meet expectations.,maintenance,related,Negative,0.9968
B007ZN5ATQ,94847031-a37e-4328-a7fd-9f6e39ac8a77,1,Accessories & Adapter: The product very disappointing.,Accessories,disappointing,Negative,0.996
B007ZN5ATQ,94847031-a37e-4328-a7fd-9f6e39ac8a77,1,Accessories & Adapter: The product very disappointing.,Adapter,disappointing,Negative,0.9963
B007ZN5ATQ,94847031-a37e-4328-a7fd-9f6e39ac8a77,1,I faced problems related to accessories & adapter and overall it did not meet expectations.,adapter,related,Negative,0.9968
B007ZN5ATQ,9fede650-3529-4ef1-984a-4a22d6fd09c7,1,Pressure Sensor: The product serious issues.,Pressure Sensor,,Negative,0.9971
B007ZN5ATQ,9fede650-3529-4ef1-984a-4a22d6fd09c7,1,I faced problems related to pressure sensor and overall it did not meet expectations.,pressure sensor,,Negative,0.9971
B007ZN5ATQ,3ce30d69-6294-4815-9363-8a3bba1eb453,1,Packaging & Delivery:,Packaging,,Neutral,0.9114
B007ZN5ATQ,3ce30d69-6294-4815-9363-8a3bba1eb453,1,Packaging & Delivery:,Delivery,,Neutral,0.9849
B007ZN5ATQ,3ce30d69-6294-4815-9363-8a3bba1eb453,1,I faced problems related to packaging & delivery and overall it did not meet expectations.,delivery,related,Negative,0.9969
B007VXJK6E,e8920e1f-25d0-4111-a97f-43b7a272cfa1,1,Product Type & Brand: The product stopped working quickly.,Product Type,,Negative,0.9818
B007VXJK6E,e8920e1f-25d0-4111-a97f-43b7a272cfa1,1,I faced problems related to product type & brand and overall it did not meet expectations.,product type,,Negative,0.9969
B007VXJK6E,342b4ad3-11d4-45ae-b03d-dd21e1fe2fe2,1,Support & Maintenance:,Support,,Neutral,0.9836
B007VXJK6E,342b4ad3-11d4-45ae-b03d-dd21e1fe2fe2,1,Support & Maintenance:,Maintenance,,Neutral,0.979
B007VXJK6E,342b4ad3-11d4-45ae-b03d-dd21e1fe2fe2,1,I faced problems related to support & maintenance and overall it did not meet expectations.,maintenance,related,Negative,0.9968
B007VXJK6E,f30eb1ff-cf8d-468b-98d2-f7c3423c5d18,1,Bathroom & Counter Space: The product poor experience.,Counter Space,,Negative,0.7682
B007VXJK6E,f30eb1ff-cf8d-468b-98d2-f7c3423c5d18,1,Bathroom & Counter Space: The product poor experience.,experience,poor,Negative,0.997
B007VXJK6E,f30eb1ff-cf8d-468b-98d2-f7c3423c5d18,1,I faced problems related to bathroom & counter space and overall it did not meet expectations.,counter space,,Negative,0.9962
B007VXJK6E,f4f56318-b985-497a-9733-347483c34c44,1,Bathroom & Counter Space: The product very disappointing.,Bathroom,disappointing,Negative,0.9827
B007VXJK6E,f4f56318-b985-497a-9733-347483c34c44,1,Bathroom & Counter Space: The product very disappointing.,Counter Space,,Negative,0.9929
B007VXJK6E,f4f56318-b985-497a-9733-347483c34c44,1,I faced problems related to bathroom & counter space and overall it did not meet expectations.,counter space,,Negative,0.9962
B003UKM9CO,ecb059b7-de4f-469a-9974-cb405c7a9d08,1,Indicator Lights & Display: The product very disappointing.,Indicator Lights,,Negative,0.9967
B003UKM9CO,ecb059b7-de4f-469a-9974-cb405c7a9d08,1,Indicator Lights & Display: The product very disappointing.,Display,disappointing,Negative,0.9968
B003UKM9CO,ecb059b7-de4f-469a-9974-cb405c7a9d08,1,I faced problems related to indicator lights & display and overall it did not meet expectations.,indicator lights,,Negative,0.9968
B003UKM9CO,ecb059b7-de4f-469a-9974-cb405c7a9d08,1,I faced problems related to indicator lights & display and overall it did not meet expectations.,display,related,Negative,0.997
B003UKM9CO,921c23a0-f06a-450b-b34d-ac970ac63046,1,Price & Value: The product poor experience.,Price,poor,Negative,0.9879
B003UKM9CO,921c23a0-f06a-450b-b34d-ac970ac63046,1,Price & Value: The product poor experience.,Value,poor,Negative,0.9903
B003UKM9CO,921c23a0-f06a-450b-b34d-ac970ac63046,1,Price & Value: The product poor experience.,experience,poor,Negative,0.997
B003UKM9CO,921c23a0-f06a-450b-b34d-ac970ac63046,1,I faced problems related to price & value and overall it did not meet expectations.,value,related,Negative,0.9966
B003UKM9CO,79a7c95c-5ea2-4583-a2d9-fce439ed34f6,1,Toothbrush Holder / Dock: The product very disappointing.,Dock,disappointing,Negative,0.9919
B003UKM9CO,79a7c95c-5ea2-4583-a2d9-fce439ed34f6,1,I faced problems related to toothbrush holder / dock and overall it did not meet expectations.,dock,related,Negative,0.9965
B003UKM9CO,57e9e321-b7b8-425c-a379-826ddae86d18,1,"I faced problems related to noise, feel & sensation and overall it did not meet expectations.",feel,related,Negative,0.9968
B003UKM9CO,57e9e321-b7b8-425c-a379-826ddae86d18,1,"I faced problems related to noise, feel & sensation and overall it did not meet expectations.",sensation,related,Negative,0.9971
B003UKM9CO,556f0104-e9f7-4616-ae26-6bfad5028c8c,1,Product Type & Brand: The product very disappointing.,Product Type,,Negative,0.9959
B003UKM9CO,556f0104-e9f7-4616-ae26-6bfad5028c8c,1,I faced problems related to product type & brand and overall it did not meet expectations.,product type,,Negative,0.9969
B003UKM9CO,70c0c081-b8a7-40bc-9ae8-9cf5d39c603a,1,Support & Maintenance:,Support,,Neutral,0.9836
B003UKM9CO,70c0c081-b8a7-40bc-9ae8-9cf5d39c603a,1,Support & Maintenance:,Maintenance,,Neutral,0.979
B003UKM9CO,70c0c081-b8a7-40bc-9ae8-9cf5d39c603a,1,I faced problems related to support & maintenance and overall it did not meet expectations.,maintenance,related,Negative,0.9968
B003UKM9CO,998471b0-2816-469c-a290-103e34d7a236,1,Cleaning Performance & Oral Health: The product serious issues.,Cleaning Performance,,Negative,0.9966
B003UKM9CO,998471b0-2816-469c-a290-103e34d7a236,1,I faced problems related to cleaning performance & oral health and overall it did not meet expectations.,cleaning performance,,Negative,0.9969
B003UKM9CO,998471b0-2816-469c-a290-103e34d7a236,1,I faced problems related to cleaning performance & oral health and overall it did not meet expectations.,health,oral,Negative,0.9964
B003UKM9CO,a440d50c-ba19-4b50-9a52-61547c7237ca,1,Indicator Lights & Display: The product very disappointing.,Indicator Lights,,Negative,0.9967
B003UKM9CO,a440d50c-ba19-4b50-9a52-61547c7237ca,1,Indicator Lights & Display: The product very disappointing.,Display,disappointing,Negative,0.9968
B003UKM9CO,a440d50c-ba19-4b50-9a52-61547c7237ca,1,I faced problems related to indicator lights & display and overall it did not meet expectations.,indicator lights,,Negative,0.9968
B003UKM9CO,a440d50c-ba19-4b50-9a52-61547c7237ca,1,I faced problems related to indicator lights & display and overall it did not meet expectations.,display,related,Negative,0.997
B003UKM9CO,a6e06bba-c692-4904-a1b2-3ada1a23a8ff,1,Bathroom & Counter Space: The product serious issues.,Bathroom,serious,Negative,0.97
B003UKM9CO,a6e06bba-c692-4904-a1b2-3ada1a23a8ff,1,Bathroom & Counter Space: The product serious issues.,Counter Space,,Negative,0.9899
B003UKM9CO,a6e06bba-c692-4904-a1b2-3ada1a23a8ff,1,I faced problems related to bathroom & counter space and overall it did not meet expectations.,counter space,,Negative,0.9962
B003UKM9CO,e6200628-f9a9-49f7-8f99-f5e99b99279e,1,Timer & Pacing: The product not worth buying.,Timer,worth,Negative,0.9904
B003UKM9CO,e6200628-f9a9-49f7-8f99-f5e99b99279e,1,I faced problems related to timer & pacing and overall it did not meet expectations.,pacing,related,Negative,0.9971
B003UKM9CO,ccf7ac88-001e-4474-8d65-b789da6cf4f7,1,Support & Maintenance:,Support,,Neutral,0.9836
B003UKM9CO,ccf7ac88-001e-4474-8d65-b789da6cf4f7,1,Support & Maintenance:,Maintenance,,Neutral,0.979
B003UKM9CO,ccf7ac88-001e-4474-8d65-b789da6cf4f7,1,I faced problems related to support & maintenance and overall it did not meet expectations.,maintenance,related,Negative,0.9968
B003UKM9CO,5d23aa9f-4dc9-4503-ae91-3dfc9b8b9ecf,1,Bathroom & Counter Space:,Bathroom,,Neutral,0.9691
B003UKM9CO,5d23aa9f-4dc9-4503-ae91-3dfc9b8b9ecf,1,Bathroom & Counter Space:,Counter Space,,Neutral,0.9435
B003UKM9CO,5d23aa9f-4dc9-4503-ae91-3dfc9b8b9ecf,1,I faced problems related to bathroom & counter space and overall it did not meet expectations.,counter space,,Negative,0.9962
B003UKM9CO,00abb1fe-da76-475b-b3f7-66497138858d,1,Pressure Sensor: The product stopped working quickly.,Pressure Sensor,,Negative,0.9968
B003UKM9CO,00abb1fe-da76-475b-b3f7-66497138858d,1,I faced problems related to pressure sensor and overall it did not meet expectations.,pressure sensor,,Negative,0.9971
B003UKM9CO,a2eab49e-8c6a-4309-9395-d949d0d10484,1,Timer & Pacing: The product not worth buying.,Timer,worth,Negative,0.9904
B003UKM9CO,a2eab49e-8c6a-4309-9395-d949d0d10484,1,I faced problems related to timer & pacing and overall it did not meet expectations.,pacing,related,Negative,0.9971
B003UKM9CO,4807f637-6258-4e36-a4d2-a1bf5077cde2,1,Indicator Lights & Display: The product very disappointing.,Indicator Lights,,Negative,0.9967
B003UKM9CO,4807f637-6258-4e36-a4d2-a1bf5077cde2,1,Indicator Lights & Display: The product very disappointing.,Display,disappointing,Negative,0.9968
B003UKM9CO,4807f637-6258-4e36-a4d2-a1bf5077cde2,1,I faced problems related to indicator lights & display and overall it did not meet expectations.,indicator lights,,Negative,0.9968
B003UKM9CO,4807f637-6258-4e36-a4d2-a1bf5077cde2,1,I faced problems related to indicator lights & display and overall it did not meet expectations.,display,related,Negative,0.997
B003UKM9CO,2e2f6254-97c5-446e-960e-908239258263,1,Price & Value: The product serious issues.,Price,serious,Negative,0.9962
B003UKM9CO,2e2f6254-97c5-446e-960e-908239258263,1,Price & Value: The product serious issues.,Value,serious,Negative,0.9965
B003UKM9CO,2e2f6254-97c5-446e-960e-908239258263,1,I faced problems related to price & value and overall it did not meet expectations.,value,related,Negative,0.9966
B003UKM9CO,c4a18c42-dbb9-4a62-a715-3c98a160bdfa,1,Indicator Lights & Display: The product serious issues.,Indicator Lights,,Negative,0.997
B003UKM9CO,c4a18c42-dbb9-4a62-a715-3c98a160bdfa,1,Indicator Lights & Display: The product serious issues.,Display,serious,Negative,0.997
B003UKM9CO,c4a18c42-dbb9-4a62-a715-3c98a160bdfa,1,I faced problems related to indicator lights & display and overall it did not meet expectations.,indicator lights,,Negative,0.9968
B003UKM9CO,c4a18c42-dbb9-4a62-a715-3c98a160bdfa,1,I faced problems related to indicator lights & display and overall it did not meet expectations.,display,related,Negative,0.997
B003UKM9CO,1e1757e2-8441-4ced-8509-e9752f00b625,1,Accessories & Adapter: The product very disappointing.,Accessories,disappointing,Negative,0.996
B003UKM9CO,1e1757e2-8441-4ced-8509-e9752f00b625,1,Accessories & Adapter: The product very disappointing.,Adapter,disappointing,Negative,0.9963
B003UKM9CO,1e1757e2-8441-4ced-8509-e9752f00b625,1,I faced problems related to accessories & adapter and overall it did not meet expectations.,adapter,related,Negative,0.9968
B003UKM9CO,5fa3d951-fb3e-491a-9eb6-46111467ad57,1,Accessories & Adapter: The product poor experience.,Accessories,poor,Negative,0.9939
B003UKM9CO,5fa3d951-fb3e-491a-9eb6-46111467ad57,1,I faced problems related to accessories & adapter and overall it did not meet expectations.,adapter,related,Negative,0.9968
B003UKM9CO,d5d316e8-3915-4ba7-8ba5-caabd571647f,1,Accessories & Adapter: The product poor experience.,Accessories,poor,Negative,0.9939
B003UKM9CO,d5d316e8-3915-4ba7-8ba5-caabd571647f,1,I faced problems related to accessories & adapter and overall it did not meet expectations.,adapter,related,Negative,0.9968
B003UKM9CO,d70fa4b6-96f8-48ea-807b-1af5688de530,1,The product poor experience.,experience,poor,Negative,0.9938
B003UKM9CO,d70fa4b6-96f8-48ea-807b-1af5688de530,1,"I faced problems related to noise, feel & sensation and overall it did not meet expectations.",feel,related,Negative,0.9968
B003UKM9CO,d70fa4b6-96f8-48ea-807b-1af5688de530,1,"I faced problems related to noise, feel & sensation and overall it did not meet expectations.",sensation,related,Negative,0.9971
B007ZN5ATQ,25a75273-cedc-49ae-9d38-22226ce63360,1,"I faced problems related to noise, feel & sensation and overall it did not meet expectations.",feel,related,Negative,0.9968
B007ZN5ATQ,25a75273-cedc-49ae-9d38-22226ce63360,1,"I faced problems related to noise, feel & sensation and overall it did not meet expectations.",sensation,related,Negative,0.9971
B007ZN5ATQ,af73978f-8c1f-4fae-8f72-c20ef62a46e5,1,Case & Storage:,Case,,Neutral,0.9817
B007ZN5ATQ,af73978f-8c1f-4fae-8f72-c20ef62a46e5,1,Case & Storage:,Storage,,Neutral,0.9803
B007ZN5ATQ,af73978f-8c1f-4fae-8f72-c20ef62a46e5,1,The product poor experience.,experience,poor,Negative,0.9938
B007ZN5ATQ,af73978f-8c1f-4fae-8f72-c20ef62a46e5,1,I faced problems related to case & storage and overall it did not meet expectations.,storage,related,Negative,0.9968
B007ZN5ATQ,dbceec75-671d-4214-96ef-ec9f90a7df84,1,Handle & Body: The product stopped working quickly.,Handle,stopped,Negative,0.9945
B007ZN5ATQ,dbceec75-671d-4214-96ef-ec9f90a7df84,1,Handle & Body: The product stopped working quickly.,Body,stopped,Negative,0.9954
B007ZN5ATQ,dbceec75-671d-4214-96ef-ec9f90a7df84,1,I faced problems related to handle & body and overall it did not meet expectations.,handle,related,Negative,0.9968
B007ZN5ATQ,dbceec75-671d-4214-96ef-ec9f90a7df84,1,I faced problems related to handle & body and overall it did not meet expectations.,body,handle,Negative,0.9968
B007ZN5ATQ,06396234-155c-467e-ab01-f1f803fc5001,1,Physical Design & Build: The product stopped working quickly.,Design,stopped,Negative,0.9932
B007ZN5ATQ,06396234-155c-467e-ab01-f1f803fc5001,1,Physical Design & Build: The product stopped working quickly.,Build,stopped,Negative,0.9942
B007ZN5ATQ,06396234-155c-467e-ab01-f1f803fc5001,1,I faced problems related to physical design & build and overall it did not meet expectations.,physical design,,Negative,0.9969
B007ZN5ATQ,06396234-155c-467e-ab01-f1f803fc5001,1,I faced problems related to physical design & build and overall it did not meet expectations.,build,physical,Negative,0.9967
B007ZN5ATQ,f00e318b-51d7-4283-af91-18273adff6b9,1,Packaging & Delivery:,Packaging,,Neutral,0.9114
B007ZN5ATQ,f00e318b-51d7-4283-af91-18273adff6b9,1,Packaging & Delivery:,Delivery,,Neutral,0.9849
B007ZN5ATQ,f00e318b-51d7-4283-af91-18273adff6b9,1,I faced problems related to packaging & delivery and overall it did not meet expectations.,delivery,related,Negative,0.9969
B007ZN5ATQ,bc73e6f6-fcdc-4387-a190-eea7eabc724f,2,Indicator Lights & Display: The product could be better.,Indicator Lights,,Negative,0.8139
B007ZN5ATQ,bc73e6f6-fcdc-4387-a190-eea7eabc724f,2,Indicator Lights & Display: The product could be better.,Display,better,Negative,0.8055
B007ZN5ATQ,bc73e6f6-fcdc-4387-a190-eea7eabc724f,2,I faced problems related to indicator lights & display and overall it did not meet expectations.,indicator lights,,Negative,0.9968
B007ZN5ATQ,bc73e6f6-fcdc-4387-a190-eea7eabc724f,2,I faced problems related to indicator lights & display and overall it did not meet expectations.,display,related,Negative,0.997
B007ZN5ATQ,1e3a8f35-b989-4da8-8839-3e04be8d2258,2,Modes & Settings: The product below expectations.,Modes,,Negative,0.996
B007ZN5ATQ,1e3a8f35-b989-4da8-8839-3e04be8d2258,2,Modes & Settings: The product below expectations.,Settings,,Negative,0.9951
B007ZN5ATQ,1e3a8f35-b989-4da8-8839-3e04be8d2258,2,I faced problems related to modes & settings and overall it did not meet expectations.,settings,related,Negative,0.9966
B007ZN5ATQ,cd6504e1-35c7-4eb9-88f8-7b118b4a94e5,2,Cleaning Performance & Oral Health: The product below expectations.,Performance,,Negative,0.9849
B007ZN5ATQ,cd6504e1-35c7-4eb9-88f8-7b118b4a94e5,2,I faced problems related to cleaning performance & oral health and overall it did not meet expectations.,cleaning performance,,Negative,0.9969
B007ZN5ATQ,cd6504e1-35c7-4eb9-88f8-7b118b4a94e5,2,I faced problems related to cleaning performance & oral health and overall it did not meet expectations.,health,oral,Negative,0.9964
B007ZN5ATQ,12a56068-3d59-4c9a-9963-4a43ac1c99af,2,"I faced problems related to noise, feel & sensation and overall it did not meet expectations.",feel,related,Negative,0.9968
B007ZN5ATQ,12a56068-3d59-4c9a-9963-4a43ac1c99af,2,"I faced problems related to noise, feel & sensation and overall it did not meet expectations.",sensation,related,Negative,0.9971
B007ZN5ATQ,b0ea98b2-4d8b-4b86-b5be-64741c445bda,2,Accessories & Adapter: The product mixed experience.,Accessories,mixed,Negative,0.9905
B007ZN5ATQ,b0ea98b2-4d8b-4b86-b5be-64741c445bda,2,Accessories & Adapter: The product mixed experience.,Adapter,mixed,Negative,0.9917
B007ZN5ATQ,b0ea98b2-4d8b-4b86-b5be-64741c445bda,2,I faced problems related to accessories & adapter and overall it did not meet expectations.,adapter,related,Negative,0.9968
B007ZN5ATQ,f2d1945d-b18e-4e86-b477-4bf4abfdb755,2,Physical Design & Build: The product could be better.,Physical Design,,Negative,0.5545
B007ZN5ATQ,f2d1945d-b18e-4e86-b477-4bf4abfdb755,2,Physical Design & Build: The product could be better.,Build,better,Neutral,0.5188
B007ZN5ATQ,f2d1945d-b18e-4e86-b477-4bf4abfdb755,2,I faced problems related to physical design & build and overall it did not meet expectations.,physical design,,Negative,0.9969
B007ZN5ATQ,f2d1945d-b18e-4e86-b477-4bf4abfdb755,2,I faced problems related to physical design & build and overall it did not meet expectations.,build,physical,Negative,0.9967
B007ZN5ATQ,06a05877-51ba-44e0-8fac-a6453ae45b2a,2,Bathroom & Counter Space: The product mixed experience.,Bathroom,mixed,Negative,0.6241
B007ZN5ATQ,06a05877-51ba-44e0-8fac-a6453ae45b2a,2,Bathroom & Counter Space: The product mixed experience.,Counter Space,,Negative,0.9393
B007ZN5ATQ,06a05877-51ba-44e0-8fac-a6453ae45b2a,2,I faced problems related to bathroom & counter space and overall it did not meet expectations.,counter space,,Negative,0.9962
B007ZN5ATQ,9fd8dff1-7ffd-4a3c-a072-b5e8ec0b150d,2,Modes & Settings: The product could be better.,Modes,better,Negative,0.814
B007ZN5ATQ,9fd8dff1-7ffd-4a3c-a072-b5e8ec0b150d,2,Modes & Settings: The product could be better.,Settings,better,Negative,0.7914
B007ZN5ATQ,9fd8dff1-7ffd-4a3c-a072-b5e8ec0b150d,2,I faced problems related to modes & settings and overall it did not meet expectations.,settings,related,Negative,0.9966
B007ZN5ATQ,46029955-a82f-4ecc-b389-a8662d3e15b0,2,Handle & Body: The product could be better.,Handle,better,Negative,0.8393
B007ZN5ATQ,46029955-a82f-4ecc-b389-a8662d3e15b0,2,Handle & Body: The product could be better.,Body,better,Negative,0.829
B007ZN5ATQ,46029955-a82f-4ecc-b389-a8662d3e15b0,2,I faced problems related to handle & body and overall it did not meet expectations.,handle,related,Negative,0.9968
B007ZN5ATQ,46029955-a82f-4ecc-b389-a8662d3e15b0,2,I faced problems related to handle & body and overall it did not meet expectations.,body,handle,Negative,0.9968
B007ZN5ATQ,564afdbc-100e-4b13-be63-1eebce7df34d,2,Physical Design & Build: The product mixed experience.,Design,mixed,Negative,0.9935
B007ZN5ATQ,564afdbc-100e-4b13-be63-1eebce7df34d,2,Physical Design & Build: The product mixed experience.,Build,mixed,Negative,0.9945
B007ZN5ATQ,564afdbc-100e-4b13-be63-1eebce7df34d,2,I faced problems related to physical design & build and overall it did not meet expectations.,physical design,,Negative,0.9969
B007ZN5ATQ,564afdbc-100e-4b13-be63-1eebce7df34d,2,I faced problems related to physical design & build and overall it did not meet expectations.,build,physical,Negative,0.9967
B007ZN5ATQ,16555199-c848-4036-aee3-2ad3a0e183e4,2,Cleaning Performance & Oral Health: The product mixed experience.,Cleaning,mixed,Negative,0.9819
B007ZN5ATQ,16555199-c848-4036-aee3-2ad3a0e183e4,2,I faced problems related to cleaning performance & oral health and overall it did not meet expectations.,cleaning performance,,Negative,0.9969
B007ZN5ATQ,16555199-c848-4036-aee3-2ad3a0e183e4,2,I faced problems related to cleaning performance & oral health and overall it did not meet expectations.,health,oral,Negative,0.9964
B007ZN5ATQ,06817c51-44d0-4e1b-8a0d-5c91b5cbdbbd,2,Handle & Body: The product could be better.,Handle,better,Negative,0.8393
B007ZN5ATQ,06817c51-44d0-4e1b-8a0d-5c91b5cbdbbd,2,Handle & Body: The product could be better.,Body,better,Negative,0.829
B007ZN5ATQ,06817c51-44d0-4e1b-8a0d-5c91b5cbdbbd,2,I faced problems related to handle & body and overall it did not meet expectations.,handle,related,Negative,0.9968
B007ZN5ATQ,06817c51-44d0-4e1b-8a0d-5c91b5cbdbbd,2,I faced problems related to handle & body and overall it did not meet expectations.,body,handle,Negative,0.9968
B007ZN5ATQ,16ac835b-1d73-449e-a806-3d85d8dfc243,2,I faced problems related to product type & brand and overall it did not meet expectations.,product type,,Negative,0.9969
B007ZN5ATQ,6c91a8ae-88a6-460f-a41b-a817043810d1,2,Power & Motor Charging System: The product mixed experience.,Power,mixed,Negative,0.9634
B007ZN5ATQ,6c91a8ae-88a6-460f-a41b-a817043810d1,2,Power & Motor Charging System: The product mixed experience.,Motor Charging System,,Negative,0.9948
B007ZN5ATQ,6c91a8ae-88a6-460f-a41b-a817043810d1,2,I faced problems related to power & motor charging system and overall it did not meet expectations.,power,related,Negative,0.9962
B007ZN5ATQ,6c91a8ae-88a6-460f-a41b-a817043810d1,2,I faced problems related to power & motor charging system and overall it did not meet expectations.,motor charging system,,Negative,0.9969
B007ZN5ATQ,7527f1af-919e-4de8-a73c-e23f1dc1397e,2,Indicator Lights & Display: The product below expectations.,Indicator Lights,,Negative,0.9962
B007ZN5ATQ,7527f1af-919e-4de8-a73c-e23f1dc1397e,2,Indicator Lights & Display: The product below expectations.,Display,,Negative,0.996
B007ZN5ATQ,7527f1af-919e-4de8-a73c-e23f1dc1397e,2,I faced problems related to indicator lights & display and overall it did not meet expectations.,indicator lights,,Negative,0.9968
B007ZN5ATQ,7527f1af-919e-4de8-a73c-e23f1dc1397e,2,I faced problems related to indicator lights & display and overall it did not meet expectations.,display,related,Negative,0.997
B007ZN5ATQ,31a68d17-ab9d-4afa-a782-8eec204df399,2,Brush Head: The product below expectations.,Brush Head,,Negative,0.9964
B007ZN5ATQ,31a68d17-ab9d-4afa-a782-8eec204df399,2,I faced problems related to brush head and overall it did not meet expectations.,brush head,,Negative,0.9971
B007ZN5ATQ,fbcc37a6-a42a-4c16-9566-163b6a3ca10d,2,Indicator Lights & Display: The product not great.,Indicator Lights,,Negative,0.9862
B007ZN5ATQ,fbcc37a6-a42a-4c16-9566-163b6a3ca10d,2,Indicator Lights & Display: The product not great.,Display,great,Negative,0.9843
B007ZN5ATQ,fbcc37a6-a42a-4c16-9566-163b6a3ca10d,2,I faced problems related to indicator lights & display and overall it did not meet expectations.,indicator lights,,Negative,0.9968
B007ZN5ATQ,fbcc37a6-a42a-4c16-9566-163b6a3ca10d,2,I faced problems related to indicator lights & display and overall it did not meet expectations.,display,related,Negative,0.997
B007ZN5ATQ,f470a01e-8363-4055-a7f1-fabffbb3628f,2,Modes & Settings: The product has issues.,Modes,has,Negative,0.9958
B007ZN5ATQ,f470a01e-8363-4055-a7f1-fabffbb3628f,2,Modes & Settings: The product has issues.,Settings,has,Negative,0.995
B007ZN5ATQ,f470a01e-8363-4055-a7f1-fabffbb3628f,2,I faced problems related to modes & settings and overall it did not meet expectations.,settings,related,Negative,0.9966
B007ZN5ATQ,e0d7045c-7b0a-4dd8-a301-6def14107c0c,2,Timer & Pacing: The product below expectations.,Timer,,Negative,0.9961
B007ZN5ATQ,e0d7045c-7b0a-4dd8-a301-6def14107c0c,2,I faced problems related to timer & pacing and overall it did not meet expectations.,pacing,related,Negative,0.9971
B007ZN5ATQ,f3dbdfbc-1ff4-404f-98a0-905b70bfde0e,2,Bathroom & Counter Space:,Bathroom,,Neutral,0.9691
B007ZN5ATQ,f3dbdfbc-1ff4-404f-98a0-905b70bfde0e,2,Bathroom & Counter Space:,Counter Space,,Neutral,0.9435
B007ZN5ATQ,f3dbdfbc-1ff4-404f-98a0-905b70bfde0e,2,I faced problems related to bathroom & counter space and overall it did not meet expectations.,counter space,,Negative,0.9962
B007ZN5ATQ,9618d720-f479-49d3-b4df-c10180732ca0,2,Case & Storage:,Case,,Neutral,0.9817
B007ZN5ATQ,9618d720-f479-49d3-b4df-c10180732ca0,2,Case & Storage:,Storage,,Neutral,0.9803
B007ZN5ATQ,9618d720-f479-49d3-b4df-c10180732ca0,2,The product mixed experience.,experience,mixed,Negative,0.995
B007ZN5ATQ,9618d720-f479-49d3-b4df-c10180732ca0,2,I faced problems related to case & storage and overall it did not meet expectations.,storage,related,Negative,0.9968
B007VXJK6E,dff19338-e166-45f1-b670-f21bc0985a78,2,Physical Design & Build: The product mixed experience.,Design,mixed,Negative,0.9935
B007VXJK6E,dff19338-e166-45f1-b670-f21bc0985a78,2,Physical Design & Build: The product mixed experience.,Build,mixed,Negative,0.9945
B007VXJK6E,dff19338-e166-45f1-b670-f21bc0985a78,2,I faced problems related to physical design & build and overall it did not meet expectations.,physical design,,Negative,0.9969
B007VXJK6E,dff19338-e166-45f1-b670-f21bc0985a78,2,I faced problems related to physical design & build and overall it did not meet expectations.,build,physical,Negative,0.9967
B007VXJK6E,e4601afc-55a9-47d8-959f-7c63b4316a60,2,Brush Head: The product not great.,Brush Head,,Negative,0.9723
B007VXJK6E,e4601afc-55a9-47d8-959f-7c63b4316a60,2,I faced problems related to brush head and overall it did not meet expectations.,brush head,,Negative,0.9971
B007VXJK6E,8c0ce6a1-58eb-419e-ba10-9ee649c5ba4d,2,"I faced problems related to noise, feel & sensation and overall it did not meet expectations.",feel,related,Negative,0.9968
B007VXJK6E,8c0ce6a1-58eb-419e-ba10-9ee649c5ba4d,2,"I faced problems related to noise, feel & sensation and overall it did not meet expectations.",sensation,related,Negative,0.9971
B007VXJK6E,efd566b5-bb39-4d79-af39-ad6f1d45550f,2,I faced problems related to toothbrush holder / dock and overall it did not meet expectations.,dock,related,Negative,0.9965
B007VXJK6E,0346981c-7422-49b8-bff9-d55d9bb95428,2,Cleaning Performance & Oral Health: The product below expectations.,Performance,,Negative,0.9849
B007VXJK6E,0346981c-7422-49b8-bff9-d55d9bb95428,2,I faced problems related to cleaning performance & oral health and overall it did not meet expectations.,cleaning performance,,Negative,0.9969
B007VXJK6E,0346981c-7422-49b8-bff9-d55d9bb95428,2,I faced problems related to cleaning performance & oral health and overall it did not meet expectations.,health,oral,Negative,0.9964
B007VXJK6E,6dc3b404-6562-4713-92d0-8a87af83f7a7,2,I faced problems related to product type & brand and overall it did not meet expectations.,product type,,Negative,0.9969
B007VXJK6E,cd608803-fab5-48ea-95f9-f123b2f6a493,2,Brush Head: The product not great.,Brush Head,,Negative,0.9723
B007VXJK6E,cd608803-fab5-48ea-95f9-f123b2f6a493,2,I faced problems related to brush head and overall it did not meet expectations.,brush head,,Negative,0.9971
B007VXJK6E,120dffaf-840e-4bfb-89e9-85be6ee0c6b5,2,Smart & App Features: The product not great.,App,great,Negative,0.5819
B007VXJK6E,0697d29f-6f7b-449e-b847-1211ef6a44d0,2,Cleaning Performance & Oral Health: The product below expectations.,Performance,,Negative,0.9849
B007VXJK6E,0697d29f-6f7b-449e-b847-1211ef6a44d0,2,I faced problems related to cleaning performance & oral health and overall it did not meet expectations.,cleaning performance,,Negative,0.9969
B007VXJK6E,0697d29f-6f7b-449e-b847-1211ef6a44d0,2,I faced problems related to cleaning performance & oral health and overall it did not meet expectations.,health,oral,Negative,0.9964
B007VXJK6E,871364da-b0ca-4ee2-a645-0a5d5f311ddc,2,Bathroom & Counter Space:,Bathroom,,Neutral,0.9691
B007VXJK6E,871364da-b0ca-4ee2-a645-0a5d5f311ddc,2,Bathroom & Counter Space:,Counter Space,,Neutral,0.9435
B007VXJK6E,871364da-b0ca-4ee2-a645-0a5d5f311ddc,2,I faced problems related to bathroom & counter space and overall it did not meet expectations.,counter space,,Negative,0.9962
B007VXJK6E,687edb24-9aea-4a2f-b997-bea6f22eb124,2,Toothbrush Holder / Dock: The product not great.,Dock,great,Negative,0.9149
B007VXJK6E,687edb24-9aea-4a2f-b997-bea6f22eb124,2,I faced problems related to toothbrush holder / dock and overall it did not meet expectations.,dock,related,Negative,0.9965
B007VXJK6E,58e939a5-03e8-44d5-a5ce-9ad36534ef20,2,Packaging & Delivery:,Packaging,,Neutral,0.9114
B007VXJK6E,58e939a5-03e8-44d5-a5ce-9ad36534ef20,2,Packaging & Delivery:,Delivery,,Neutral,0.9849
B007VXJK6E,58e939a5-03e8-44d5-a5ce-9ad36534ef20,2,The product could be better.,product,better,Negative,0.6146
B007VXJK6E,58e939a5-03e8-44d5-a5ce-9ad36534ef20,2,I faced problems related to packaging & delivery and overall it did not meet expectations.,delivery,related,Negative,0.9969
B007VXJK6E,a660db4a-697b-44fc-b64b-12a597fc7437,2,Handle & Body: The product has issues.,Handle,has,Negative,0.9959
B007VXJK6E,a660db4a-697b-44fc-b64b-12a597fc7437,2,Handle & Body: The product has issues.,Body,has,Negative,0.9963
B007VXJK6E,a660db4a-697b-44fc-b64b-12a597fc7437,2,I faced problems related to handle & body and overall it did not meet expectations.,handle,related,Negative,0.9968
B007VXJK6E,a660db4a-697b-44fc-b64b-12a597fc7437,2,I faced problems related to handle & body and overall it did not meet expectations.,body,handle,Negative,0.9968
B007VXJK6E,ecbdce00-616d-4822-b3f9-a7180b8d37fe,2,Bathroom & Counter Space: The product below expectations.,Bathroom,,Negative,0.9077
B007VXJK6E,ecbdce00-616d-4822-b3f9-a7180b8d37fe,2,Bathroom & Counter Space: The product below expectations.,Counter Space,,Negative,0.9813
B007VXJK6E,ecbdce00-616d-4822-b3f9-a7180b8d37fe,2,I faced problems related to bathroom & counter space and overall it did not meet expectations.,counter space,,Negative,0.9962
B007VXJK6E,5caaaf5b-0aa5-4f6f-b2c6-497800a88c21,2,Brush Head: The product below expectations.,Brush Head,,Negative,0.9964
B007VXJK6E,5caaaf5b-0aa5-4f6f-b2c6-497800a88c21,2,I faced problems related to brush head and overall it did not meet expectations.,brush head,,Negative,0.9971
B007VXJK6E,b9f52fd0-b8a0-4ca9-9c63-240fcf6b2a7c,2,Power & Motor Charging System: The product below expectations.,Motor Charging System,,Negative,0.9951
B007VXJK6E,b9f52fd0-b8a0-4ca9-9c63-240fcf6b2a7c,2,I faced problems related to power & motor charging system and overall it did not meet expectations.,power,related,Negative,0.9962
B007VXJK6E,b9f52fd0-b8a0-4ca9-9c63-240fcf6b2a7c,2,I faced problems related to power & motor charging system and overall it did not meet expectations.,motor charging system,,Negative,0.9969
B007VXJK6E,85683310-0c79-4800-8eab-70d0532a01c1,2,Power & Motor Charging System: The product below expectations.,Motor Charging System,,Negative,0.9951
B007VXJK6E,85683310-0c79-4800-8eab-70d0532a01c1,2,I faced problems related to power & motor charging system and overall it did not meet expectations.,power,related,Negative,0.9962
B007VXJK6E,85683310-0c79-4800-8eab-70d0532a01c1,2,I faced problems related to power & motor charging system and overall it did not meet expectations.,motor charging system,,Negative,0.9969
B003UKM9CO,be6947a3-f32d-47c7-8830-afae51034a39,2,Toothbrush Holder / Dock: The product could be better.,Dock,better,Negative,0.5525
B003UKM9CO,be6947a3-f32d-47c7-8830-afae51034a39,2,I faced problems related to toothbrush holder / dock and overall it did not meet expectations.,dock,related,Negative,0.9965
B003UKM9CO,78ac0f83-e65e-418f-a682-3934c3025e03,2,Physical Design & Build: The product could be better.,Physical Design,,Negative,0.5545
B003UKM9CO,78ac0f83-e65e-418f-a682-3934c3025e03,2,Physical Design & Build: The product could be better.,Build,better,Neutral,0.5188
B003UKM9CO,78ac0f83-e65e-418f-a682-3934c3025e03,2,I faced problems related to physical design & build and overall it did not meet expectations.,physical design,,Negative,0.9969
B003UKM9CO,78ac0f83-e65e-418f-a682-3934c3025e03,2,I faced problems related to physical design & build and overall it did not meet expectations.,build,physical,Negative,0.9967
B003UKM9CO,04cf4e66-68e8-4c01-bf3b-c609a81df6a1,2,Case & Storage:,Case,,Neutral,0.9817
B003UKM9CO,04cf4e66-68e8-4c01-bf3b-c609a81df6a1,2,Case & Storage:,Storage,,Neutral,0.9803
B003UKM9CO,04cf4e66-68e8-4c01-bf3b-c609a81df6a1,2,I faced problems related to case & storage and overall it did not meet expectations.,storage,related,Negative,0.9968
B003UKM9CO,1a6a551c-0d86-4056-8a93-f169d0306a8e,2,Modes & Settings: The product not great.,Modes,not great,Negative,0.9781
B003UKM9CO,1a6a551c-0d86-4056-8a93-f169d0306a8e,2,Modes & Settings: The product not great.,Settings,great,Negative,0.9671
B003UKM9CO,1a6a551c-0d86-4056-8a93-f169d0306a8e,2,I faced problems related to modes & settings and overall it did not meet expectations.,settings,related,Negative,0.9966
B003UKM9CO,9754ce34-e9d1-4b63-81be-686b55c3770a,2,Handle & Body: The product mixed experience.,Handle,mixed,Negative,0.9941
B003UKM9CO,9754ce34-e9d1-4b63-81be-686b55c3770a,2,Handle & Body: The product mixed experience.,Body,mixed,Negative,0.9948
B003UKM9CO,9754ce34-e9d1-4b63-81be-686b55c3770a,2,I faced problems related to handle & body and overall it did not meet expectations.,handle,related,Negative,0.9968
B003UKM9CO,9754ce34-e9d1-4b63-81be-686b55c3770a,2,I faced problems related to handle & body and overall it did not meet expectations.,body,handle,Negative,0.9968
B003UKM9CO,ca43dd94-2701-4615-9cf1-9e403b7c2334,2,Product Type & Brand: The product could be better.,Product,better,Neutral,0.728
B003UKM9CO,ca43dd94-2701-4615-9cf1-9e403b7c2334,2,I faced problems related to product type & brand and overall it did not meet expectations.,product type,,Negative,0.9969
B003UKM9CO,88e1869f-7652-4774-ad5a-d934d4a77181,2,Packaging & Delivery:,Packaging,,Neutral,0.9114
B003UKM9CO,88e1869f-7652-4774-ad5a-d934d4a77181,2,Packaging & Delivery:,Delivery,,Neutral,0.9849
B003UKM9CO,88e1869f-7652-4774-ad5a-d934d4a77181,2,The product could be better.,product,better,Negative,0.6146
B003UKM9CO,88e1869f-7652-4774-ad5a-d934d4a77181,2,I faced problems related to packaging & delivery and overall it did not meet expectations.,delivery,related,Negative,0.9969
B003UKM9CO,ecec3bb3-9ede-456d-b91c-875acf79404c,2,Case & Storage:,Case,,Neutral,0.9817
B003UKM9CO,ecec3bb3-9ede-456d-b91c-875acf79404c,2,Case & Storage:,Storage,,Neutral,0.9803
B003UKM9CO,ecec3bb3-9ede-456d-b91c-875acf79404c,2,I faced problems related to case & storage and overall it did not meet expectations.,storage,related,Negative,0.9968
B003UKM9CO,217a7b25-c7bf-4bd0-92f0-ff568c0d09fe,2,Indicator Lights & Display: The product not great.,Indicator Lights,,Negative,0.9862
B003UKM9CO,217a7b25-c7bf-4bd0-92f0-ff568c0d09fe,2,Indicator Lights & Display: The product not great.,Display,great,Negative,0.9843
B003UKM9CO,217a7b25-c7bf-4bd0-92f0-ff568c0d09fe,2,I faced problems related to indicator lights & display and overall it did not meet expectations.,indicator lights,,Negative,0.9968
B003UKM9CO,217a7b25-c7bf-4bd0-92f0-ff568c0d09fe,2,I faced problems related to indicator lights & display and overall it did not meet expectations.,display,related,Negative,0.997
B003UKM9CO,60c84be1-36c5-4eef-b16c-e6db3fae1ca9,2,I faced problems related to product type & brand and overall it did not meet expectations.,product type,,Negative,0.9969
B003UKM9CO,0e66ff1f-4bb5-4851-8485-7a394ff390d1,2,Modes & Settings: The product below expectations.,Modes,,Negative,0.996
B003UKM9CO,0e66ff1f-4bb5-4851-8485-7a394ff390d1,2,Modes & Settings: The product below expectations.,Settings,,Negative,0.9951
B003UKM9CO,0e66ff1f-4bb5-4851-8485-7a394ff390d1,2,I faced problems related to modes & settings and overall it did not meet expectations.,settings,related,Negative,0.9966
B003UKM9CO,58c3bea4-bec3-404c-9029-befbd0e81654,2,Product Type & Brand: The product not great.,Product,great,Negative,0.8965
B003UKM9CO,58c3bea4-bec3-404c-9029-befbd0e81654,2,I faced problems related to product type & brand and overall it did not meet expectations.,product type,,Negative,0.9969
B003UKM9CO,dd74e49e-9440-474a-b958-003c91819ba0,3,Smart & App Features: The product okay product.,App,okay,Neutral,0.9737
B003UKM9CO,78578da6-3e2e-4935-87f8-03d556176343,3,Handle & Body: The product decent,Handle,decent,Positive,0.7726
B003UKM9CO,78578da6-3e2e-4935-87f8-03d556176343,3,Handle & Body: The product decent,Body,decent,Positive,0.7747
B003UKM9CO,78578da6-3e2e-4935-87f8-03d556176343,3,I faced problems related to handle & body and overall it did not meet expectations.,handle,related,Negative,0.9968
B003UKM9CO,78578da6-3e2e-4935-87f8-03d556176343,3,I faced problems related to handle & body and overall it did not meet expectations.,body,handle,Negative,0.9968
B003UKM9CO,b32d0582-4b21-441c-a9d5-31d47a686100,3,I faced problems related to product type & brand and overall it did not meet expectations.,product type,,Negative,0.9969
B003UKM9CO,905eafa7-88f6-4245-bc65-64f2d518f544,3,Indicator Lights & Display: The product moderate quality.,Indicator Lights,,Neutral,0.982
B003UKM9CO,905eafa7-88f6-4245-bc65-64f2d518f544,3,Indicator Lights & Display: The product moderate quality.,Display,moderate,Neutral,0.9841
B003UKM9CO,905eafa7-88f6-4245-bc65-64f2d518f544,3,I faced problems related to indicator lights & display and overall it did not meet expectations.,indicator lights,,Negative,0.9968
B003UKM9CO,905eafa7-88f6-4245-bc65-64f2d518f544,3,I faced problems related to indicator lights & display and overall it did not meet expectations.,display,related,Negative,0.997
B003UKM9CO,fe16526d-8e82-4dff-9450-21d0172235e8,3,I faced problems related to product type & brand and overall it did not meet expectations.,product type,,Negative,0.9969
B003UKM9CO,711aa49e-de20-44ef-a022-16430efb349b,3,Physical Design & Build: The product decent,Design,decent,Positive,0.9601
B003UKM9CO,711aa49e-de20-44ef-a022-16430efb349b,3,Physical Design & Build: The product decent,Build,decent,Positive,0.9639
B003UKM9CO,711aa49e-de20-44ef-a022-16430efb349b,3,I faced problems related to physical design & build and overall it did not meet expectations.,physical design,,Negative,0.9969
B003UKM9CO,711aa49e-de20-44ef-a022-16430efb349b,3,I faced problems related to physical design & build and overall it did not meet expectations.,build,physical,Negative,0.9967
B003UKM9CO,7df60f28-c1ec-41c2-8239-3ccc66d59a60,3,Indicator Lights & Display: The product okay product.,Indicator Lights,,Neutral,0.954
B003UKM9CO,7df60f28-c1ec-41c2-8239-3ccc66d59a60,3,Indicator Lights & Display: The product okay product.,Display,okay,Neutral,0.9338
B003UKM9CO,7df60f28-c1ec-41c2-8239-3ccc66d59a60,3,I faced problems related to indicator lights & display and overall it did not meet expectations.,indicator lights,,Negative,0.9968
B003UKM9CO,7df60f28-c1ec-41c2-8239-3ccc66d59a60,3,I faced problems related to indicator lights & display and overall it did not meet expectations.,display,related,Negative,0.997
B003UKM9CO,d2cff14c-283d-40b4-82e0-6a85fb4f49a7,3,Price & Value: The product average performance.,Price,average,Neutral,0.9771
B003UKM9CO,d2cff14c-283d-40b4-82e0-6a85fb4f49a7,3,Price & Value: The product average performance.,Value,average,Neutral,0.9769
B003UKM9CO,d2cff14c-283d-40b4-82e0-6a85fb4f49a7,3,Price & Value: The product average performance.,performance,average,Neutral,0.9391
B003UKM9CO,d2cff14c-283d-40b4-82e0-6a85fb4f49a7,3,I faced problems related to price & value and overall it did not meet expectations.,value,related,Negative,0.9966
B003UKM9CO,fe9c9a71-2355-4ea1-834f-cbeacf363829,3,Toothbrush Holder / Dock: The product average performance.,performance,average,Neutral,0.8578
B003UKM9CO,fe9c9a71-2355-4ea1-834f-cbeacf363829,3,I faced problems related to toothbrush holder / dock and overall it did not meet expectations.,dock,related,Negative,0.9965
B003UKM9CO,bc189c8a-b520-4db2-af20-9eb47e917dbe,3,"I faced problems related to noise, feel & sensation and overall it did not meet expectations.",feel,related,Negative,0.9968
B003UKM9CO,bc189c8a-b520-4db2-af20-9eb47e917dbe,3,"I faced problems related to noise, feel & sensation and overall it did not meet expectations.",sensation,related,Negative,0.9971
B003UKM9CO,52023797-f243-4270-ad40-0c6c39178b5d,3,Handle & Body: The product okay product.,Handle,okay,Neutral,0.9492
B003UKM9CO,52023797-f243-4270-ad40-0c6c39178b5d,3,Handle & Body: The product okay product.,Body,okay,Neutral,0.9415
B003UKM9CO,52023797-f243-4270-ad40-0c6c39178b5d,3,I faced problems related to handle & body and overall it did not meet expectations.,handle,related,Negative,0.9968
B003UKM9CO,52023797-f243-4270-ad40-0c6c39178b5d,3,I faced problems related to handle & body and overall it did not meet expectations.,body,handle,Negative,0.9968
B003UKM9CO,9f213c28-c6fb-44d6-b533-00500a9bac0e,3,I faced problems related to cleaning performance & oral health and overall it did not meet expectations.,cleaning performance,,Negative,0.9969
B003UKM9CO,9f213c28-c6fb-44d6-b533-00500a9bac0e,3,I faced problems related to cleaning performance & oral health and overall it did not meet expectations.,health,oral,Negative,0.9964
B003UKM9CO,f1277a04-6722-4fcd-8fb0-0f14e135c420,3,Power & Motor Charging System: The product works,Power,works,Neutral,0.8187
B003UKM9CO,f1277a04-6722-4fcd-8fb0-0f14e135c420,3,Power & Motor Charging System: The product works,Motor Charging System,,Positive,0.5054
B003UKM9CO,f1277a04-6722-4fcd-8fb0-0f14e135c420,3,I faced problems related to power & motor charging system and overall it did not meet expectations.,power,related,Negative,0.9962
B003UKM9CO,f1277a04-6722-4fcd-8fb0-0f14e135c420,3,I faced problems related to power & motor charging system and overall it did not meet expectations.,motor charging system,,Negative,0.9969
B003UKM9CO,28d57ffb-4572-4f13-9d5a-7a80b6d393b6,3,Packaging & Delivery:,Packaging,,Neutral,0.9114
B003UKM9CO,28d57ffb-4572-4f13-9d5a-7a80b6d393b6,3,Packaging & Delivery:,Delivery,,Neutral,0.9849
B003UKM9CO,28d57ffb-4572-4f13-9d5a-7a80b6d393b6,3,The product average performance.,performance,average,Neutral,0.8977
B003UKM9CO,28d57ffb-4572-4f13-9d5a-7a80b6d393b6,3,I faced problems related to packaging & delivery and overall it did not meet expectations.,delivery,related,Negative,0.9969
B003UKM9CO,c6a009a5-6364-4e48-a7c2-3d48f6e5240e,3,"I faced problems related to noise, feel & sensation and overall it did not meet expectations.",feel,related,Negative,0.9968
B003UKM9CO,c6a009a5-6364-4e48-a7c2-3d48f6e5240e,3,"I faced problems related to noise, feel & sensation and overall it did not meet expectations.",sensation,related,Negative,0.9971
B003UKM9CO,4ed21d67-0387-42b0-a4d9-28eefd320497,3,Support & Maintenance:,Support,,Neutral,0.9836
B003UKM9CO,4ed21d67-0387-42b0-a4d9-28eefd320497,3,Support & Maintenance:,Maintenance,,Neutral,0.979
B003UKM9CO,4ed21d67-0387-42b0-a4d9-28eefd320497,3,The product moderate quality.,quality,moderate,Neutral,0.9612
B003UKM9CO,4ed21d67-0387-42b0-a4d9-28eefd320497,3,I faced problems related to support & maintenance and overall it did not meet expectations.,maintenance,related,Negative,0.9968
B003UKM9CO,5b8ffd5f-5e26-4a17-a87c-82916e6babde,3,Case & Storage:,Case,,Neutral,0.9817
B003UKM9CO,5b8ffd5f-5e26-4a17-a87c-82916e6babde,3,Case & Storage:,Storage,,Neutral,0.9803
B003UKM9CO,5b8ffd5f-5e26-4a17-a87c-82916e6babde,3,I faced problems related to case & storage and overall it did not meet expectations.,storage,related,Negative,0.9968
B003UKM9CO,e2bfc492-deee-49a2-bfc0-00771dae650c,3,I faced problems related to product type & brand and overall it did not meet expectations.,product type,,Negative,0.9969
B007VXJK6E,e703a0f6-5250-4ac1-9350-42c39171c850,3,Pressure Sensor: The product works,Pressure Sensor,,Positive,0.8576
B007VXJK6E,e703a0f6-5250-4ac1-9350-42c39171c850,3,I faced problems related to pressure sensor and overall it did not meet expectations.,pressure sensor,,Negative,0.9971
B007VXJK6E,27a4c304-5968-4704-aaf2-a700f67c3109,3,Support & Maintenance:,Support,,Neutral,0.9836
B007VXJK6E,27a4c304-5968-4704-aaf2-a700f67c3109,3,Support & Maintenance:,Maintenance,,Neutral,0.979
B007VXJK6E,27a4c304-5968-4704-aaf2-a700f67c3109,3,I faced problems related to support & maintenance and overall it did not meet expectations.,maintenance,related,Negative,0.9968
B007VXJK6E,6833b5f8-3abc-48f3-9efd-d7f9cec5670a,3,Brush Head: The product okay product.,Brush Head,,Neutral,0.9031
B007VXJK6E,6833b5f8-3abc-48f3-9efd-d7f9cec5670a,3,I faced problems related to brush head and overall it did not meet expectations.,brush head,,Negative,0.9971
B007VXJK6E,55c58b03-4cb3-40a4-b7df-5628dccea487,3,I faced problems related to cleaning performance & oral health and overall it did not meet expectations.,cleaning performance,,Negative,0.9969
B007VXJK6E,55c58b03-4cb3-40a4-b7df-5628dccea487,3,I faced problems related to cleaning performance & oral health and overall it did not meet expectations.,health,oral,Negative,0.9964
B007VXJK6E,452deda2-8023-42db-b90a-f6b49ebf8235,3,Case & Storage:,Case,,Neutral,0.9817
B007VXJK6E,452deda2-8023-42db-b90a-f6b49ebf8235,3,Case & Storage:,Storage,,Neutral,0.9803
B007VXJK6E,452deda2-8023-42db-b90a-f6b49ebf8235,3,I faced problems related to case & storage and overall it did not meet expectations.,storage,related,Negative,0.9968
B007VXJK6E,947fccf2-d23a-4bdd-8ebe-b341d7b8505a,3,Smart & App Features: The product moderate quality.,App,moderate,Neutral,0.9785
B007VXJK6E,947fccf2-d23a-4bdd-8ebe-b341d7b8505a,3,Smart & App Features: The product moderate quality.,quality,moderate,Neutral,0.9755
B007VXJK6E,8e4f2db7-4202-496b-837d-89416059259c,3,"I faced problems related to noise, feel & sensation and overall it did not meet expectations.",feel,related,Negative,0.9968
B007VXJK6E,8e4f2db7-4202-496b-837d-89416059259c,3,"I faced problems related to noise, feel & sensation and overall it did not meet expectations.",sensation,related,Negative,0.9971
B007VXJK6E,292965fb-1b16-4572-8a56-43457a57f165,3,Pressure Sensor: The product moderate quality.,quality,moderate,Neutral,0.9442
B007VXJK6E,292965fb-1b16-4572-8a56-43457a57f165,3,I faced problems related to pressure sensor and overall it did not meet expectations.,pressure sensor,,Negative,0.9971
B007VXJK6E,73d554da-8883-4210-8da7-828550b08364,3,Accessories & Adapter: The product okay product.,Accessories,okay,Neutral,0.9813
B007VXJK6E,73d554da-8883-4210-8da7-828550b08364,3,Accessories & Adapter: The product okay product.,Adapter,okay,Neutral,0.9785
B007VXJK6E,73d554da-8883-4210-8da7-828550b08364,3,I faced problems related to accessories & adapter and overall it did not meet expectations.,adapter,related,Negative,0.9968
B007VXJK6E,dda3b44a-46bd-4fa2-ae43-18ba78ee768c,3,Price & Value: The product average performance.,Price,average,Neutral,0.9771
B007VXJK6E,dda3b44a-46bd-4fa2-ae43-18ba78ee768c,3,Price & Value: The product average performance.,Value,average,Neutral,0.9769
B007VXJK6E,dda3b44a-46bd-4fa2-ae43-18ba78ee768c,3,Price & Value: The product average performance.,performance,average,Neutral,0.9391
B007VXJK6E,dda3b44a-46bd-4fa2-ae43-18ba78ee768c,3,I faced problems related to price & value and overall it did not meet expectations.,value,related,Negative,0.9966
B007VXJK6E,2a8ed244-b251-4bce-85f4-e02c59ca5e9c,3,Toothbrush Holder / Dock: The product moderate quality.,Dock,moderate,Neutral,0.9739
B007VXJK6E,2a8ed244-b251-4bce-85f4-e02c59ca5e9c,3,Toothbrush Holder / Dock: The product moderate quality.,quality,moderate,Neutral,0.9582
B007VXJK6E,2a8ed244-b251-4bce-85f4-e02c59ca5e9c,3,I faced problems related to toothbrush holder / dock and overall it did not meet expectations.,dock,related,Negative,0.9965
B007VXJK6E,f3d82eec-5ad5-4d2e-ad1b-7334e1d7dabe,3,Indicator Lights & Display: The product decent,Indicator Lights,,Positive,0.8576
B007VXJK6E,f3d82eec-5ad5-4d2e-ad1b-7334e1d7dabe,3,Indicator Lights & Display: The product decent,Display,decent,Positive,0.7506
B007VXJK6E,f3d82eec-5ad5-4d2e-ad1b-7334e1d7dabe,3,I faced problems related to indicator lights & display and overall it did not meet expectations.,indicator lights,,Negative,0.9968
B007VXJK6E,f3d82eec-5ad5-4d2e-ad1b-7334e1d7dabe,3,I faced problems related to indicator lights & display and overall it did not meet expectations.,display,related,Negative,0.997
B007VXJK6E,f82abe59-a39a-4204-8d9a-da647db19d3b,3,Physical Design & Build: The product okay product.,Design,okay,Neutral,0.7871
B007VXJK6E,f82abe59-a39a-4204-8d9a-da647db19d3b,3,Physical Design & Build: The product okay product.,Build,okay,Neutral,0.7726
B007VXJK6E,f82abe59-a39a-4204-8d9a-da647db19d3b,3,I faced problems related to physical design & build and overall it did not meet expectations.,physical design,,Negative,0.9969
B007VXJK6E,f82abe59-a39a-4204-8d9a-da647db19d3b,3,I faced problems related to physical design & build and overall it did not meet expectations.,build,physical,Negative,0.9967
B007VXJK6E,1f1a4318-da54-4f13-83bd-01881fb7ec01,3,Price & Value: The product moderate quality.,Price,moderate,Neutral,0.9762
B007VXJK6E,1f1a4318-da54-4f13-83bd-01881fb7ec01,3,Price & Value: The product moderate quality.,Value,moderate,Neutral,0.9751
B007VXJK6E,1f1a4318-da54-4f13-83bd-01881fb7ec01,3,Price & Value: The product moderate quality.,quality,moderate,Neutral,0.9531
B007VXJK6E,1f1a4318-da54-4f13-83bd-01881fb7ec01,3,I faced problems related to price & value and overall it did not meet expectations.,value,related,Negative,0.9966
B007VXJK6E,36a3feb2-63ca-4a68-aed1-bce22e3398c2,3,Indicator Lights & Display: The product decent,Indicator Lights,,Positive,0.8576
B007VXJK6E,36a3feb2-63ca-4a68-aed1-bce22e3398c2,3,Indicator Lights & Display: The product decent,Display,decent,Positive,0.7506
B007VXJK6E,36a3feb2-63ca-4a68-aed1-bce22e3398c2,3,I faced problems related to indicator lights & display and overall it did not meet expectations.,indicator lights,,Negative,0.9968
B007VXJK6E,36a3feb2-63ca-4a68-aed1-bce22e3398c2,3,I faced problems related to indicator lights & display and overall it did not meet expectations.,display,related,Negative,0.997
B007VXJK6E,ec06ef27-d25d-4b6a-9751-268578d7a478,3,Accessories & Adapter:,Accessories,,Neutral,0.9773
B007VXJK6E,ec06ef27-d25d-4b6a-9751-268578d7a478,3,Accessories & Adapter:,Adapter,,Neutral,0.9753
B007VXJK6E,ec06ef27-d25d-4b6a-9751-268578d7a478,3,I faced problems related to accessories & adapter and overall it did not meet expectations.,adapter,related,Negative,0.9968
B007ZN5ATQ,b0112b6f-1496-46d8-96e2-1650c1027b41,3,Support & Maintenance:,Support,,Neutral,0.9836
B007ZN5ATQ,b0112b6f-1496-46d8-96e2-1650c1027b41,3,Support & Maintenance:,Maintenance,,Neutral,0.979
B007ZN5ATQ,b0112b6f-1496-46d8-96e2-1650c1027b41,3,I faced problems related to support & maintenance and overall it did not meet expectations.,maintenance,related,Negative,0.9968
B007ZN5ATQ,9f809d63-6015-4a27-a37a-cc2da787cbff,3,"I faced problems related to noise, feel & sensation and overall it did not meet expectations.",feel,related,Negative,0.9968
B007ZN5ATQ,9f809d63-6015-4a27-a37a-cc2da787cbff,3,"I faced problems related to noise, feel & sensation and overall it did not meet expectations.",sensation,related,Negative,0.9971
B007ZN5ATQ,d63d248a-c029-4d38-be83-bdb86331fb91,3,Product Type & Brand: The product decent,Product,decent,Neutral,0.7057
B007ZN5ATQ,d63d248a-c029-4d38-be83-bdb86331fb91,3,I faced problems related to product type & brand and overall it did not meet expectations.,product type,,Negative,0.9969
B007ZN5ATQ,21346979-eceb-4dd2-8d46-45e26934ab51,3,Physical Design & Build: The product average performance.,Design,average,Neutral,0.9164
B007ZN5ATQ,21346979-eceb-4dd2-8d46-45e26934ab51,3,Physical Design & Build: The product average performance.,Build,average,Neutral,0.9309
B007ZN5ATQ,21346979-eceb-4dd2-8d46-45e26934ab51,3,Physical Design & Build: The product average performance.,performance,average,Neutral,0.9312
B007ZN5ATQ,21346979-eceb-4dd2-8d46-45e26934ab51,3,I faced problems related to physical design & build and overall it did not meet expectations.,physical design,,Negative,0.9969
B007ZN5ATQ,21346979-eceb-4dd2-8d46-45e26934ab51,3,I faced problems related to physical design & build and overall it did not meet expectations.,build,physical,Negative,0.9967
B007ZN5ATQ,b64b1fac-bd9e-4baf-832c-9d890f2678a0,3,Toothbrush Holder / Dock: The product moderate quality.,Dock,moderate,Neutral,0.9739
B007ZN5ATQ,b64b1fac-bd9e-4baf-832c-9d890f2678a0,3,Toothbrush Holder / Dock: The product moderate quality.,quality,moderate,Neutral,0.9582
B007ZN5ATQ,b64b1fac-bd9e-4baf-832c-9d890f2678a0,3,I faced problems related to toothbrush holder / dock and overall it did not meet expectations.,dock,related,Negative,0.9965
B007ZN5ATQ,72e4cdc8-f118-4745-b747-415650ba9933,3,Support & Maintenance:,Support,,Neutral,0.9836
B007ZN5ATQ,72e4cdc8-f118-4745-b747-415650ba9933,3,Support & Maintenance:,Maintenance,,Neutral,0.979
B007ZN5ATQ,72e4cdc8-f118-4745-b747-415650ba9933,3,I faced problems related to support & maintenance and overall it did not meet expectations.,maintenance,related,Negative,0.9968
B007ZN5ATQ,87882cff-75ee-454f-b6a1-e221db67175d,3,Accessories & Adapter: The product decent,Accessories,decent,Neutral,0.9321
B007ZN5ATQ,87882cff-75ee-454f-b6a1-e221db67175d,3,Accessories & Adapter: The product decent,Adapter,decent,Neutral,0.9071
B007ZN5ATQ,87882cff-75ee-454f-b6a1-e221db67175d,3,I faced problems related to accessories & adapter and overall it did not meet expectations.,adapter,related,Negative,0.9968
B007ZN5ATQ,918bbba9-a40c-43b1-a421-6a6962c3f278,3,Support & Maintenance:,Support,,Neutral,0.9836
B007ZN5ATQ,918bbba9-a40c-43b1-a421-6a6962c3f278,3,Support & Maintenance:,Maintenance,,Neutral,0.979
B007ZN5ATQ,918bbba9-a40c-43b1-a421-6a6962c3f278,3,The product average performance.,performance,average,Neutral,0.8977
B007ZN5ATQ,918bbba9-a40c-43b1-a421-6a6962c3f278,3,I faced problems related to support & maintenance and overall it did not meet expectations.,maintenance,related,Negative,0.9968
B007ZN5ATQ,c8d1c339-ac1d-4976-bcc9-317bce220fa7,3,Toothbrush Holder / Dock: The product works,Dock,,Positive,0.5359
B007ZN5ATQ,c8d1c339-ac1d-4976-bcc9-317bce220fa7,3,I faced problems related to toothbrush holder / dock and overall it did not meet expectations.,dock,related,Negative,0.9965
B007ZN5ATQ,0dcb4a3a-f28c-4ecf-9ec6-51fe6355737e,3,Support & Maintenance:,Support,,Neutral,0.9836
B007ZN5ATQ,0dcb4a3a-f28c-4ecf-9ec6-51fe6355737e,3,Support & Maintenance:,Maintenance,,Neutral,0.979
B007ZN5ATQ,0dcb4a3a-f28c-4ecf-9ec6-51fe6355737e,3,I faced problems related to support & maintenance and overall it did not meet expectations.,maintenance,related,Negative,0.9968
B007ZN5ATQ,e6ce9d6b-8698-4b48-a037-c821b89e6dc0,3,Product Type & Brand: The product moderate quality.,quality,moderate,Neutral,0.9369
B007ZN5ATQ,e6ce9d6b-8698-4b48-a037-c821b89e6dc0,3,I faced problems related to product type & brand and overall it did not meet expectations.,product type,,Negative,0.9969
B007ZN5ATQ,84edddd0-af48-422e-b89a-addd89d4b487,3,Packaging & Delivery:,Packaging,,Neutral,0.9114
B007ZN5ATQ,84edddd0-af48-422e-b89a-addd89d4b487,3,Packaging & Delivery:,Delivery,,Neutral,0.9849
B007ZN5ATQ,84edddd0-af48-422e-b89a-addd89d4b487,3,The product moderate quality.,quality,moderate,Neutral,0.9612
B007ZN5ATQ,84edddd0-af48-422e-b89a-addd89d4b487,3,I faced problems related to packaging & delivery and overall it did not meet expectations.,delivery,related,Negative,0.9969
B007ZN5ATQ,16ae54f7-f4e3-4efa-bcea-e07c5412e947,3,Accessories & Adapter: The product decent,Accessories,decent,Neutral,0.9321
B007ZN5ATQ,16ae54f7-f4e3-4efa-bcea-e07c5412e947,3,Accessories & Adapter: The product decent,Adapter,decent,Neutral,0.9071
B007ZN5ATQ,16ae54f7-f4e3-4efa-bcea-e07c5412e947,3,I faced problems related to accessories & adapter and overall it did not meet expectations.,adapter,related,Negative,0.9968
B007ZN5ATQ,1e3c3460-74d8-40aa-92e0-f434933e3b38,3,Power & Motor Charging System: The product decent,Power,decent,Positive,0.6264
B007ZN5ATQ,1e3c3460-74d8-40aa-92e0-f434933e3b38,3,Power & Motor Charging System: The product decent,Motor Charging System,,Positive,0.9376
B007ZN5ATQ,1e3c3460-74d8-40aa-92e0-f434933e3b38,3,I faced problems related to power & motor charging system and overall it did not meet expectations.,power,related,Negative,0.9962
B007ZN5ATQ,1e3c3460-74d8-40aa-92e0-f434933e3b38,3,I faced problems related to power & motor charging system and overall it did not meet expectations.,motor charging system,,Negative,0.9969
B007ZN5ATQ,2b9df948-ea32-42a1-80eb-b7a5f997e74f,3,Indicator Lights & Display: The product average performance.,Indicator Lights,,Neutral,0.9853
B007ZN5ATQ,2b9df948-ea32-42a1-80eb-b7a5f997e74f,3,Indicator Lights & Display: The product average performance.,Display,average,Neutral,0.9828
B007ZN5ATQ,2b9df948-ea32-42a1-80eb-b7a5f997e74f,3,Indicator Lights & Display: The product average performance.,performance,average,Neutral,0.9611
B007ZN5ATQ,2b9df948-ea32-42a1-80eb-b7a5f997e74f,3,I faced problems related to indicator lights & display and overall it did not meet expectations.,indicator lights,,Negative,0.9968
B007ZN5ATQ,2b9df948-ea32-42a1-80eb-b7a5f997e74f,3,I faced problems related to indicator lights & display and overall it did not meet expectations.,display,related,Negative,0.997
B007ZN5ATQ,f700e59f-0c94-4f28-83ea-127169ce7376,3,The product average performance.,performance,average,Neutral,0.8977
B007ZN5ATQ,f700e59f-0c94-4f28-83ea-127169ce7376,3,"I faced problems related to noise, feel & sensation and overall it did not meet expectations.",feel,related,Negative,0.9968
B007ZN5ATQ,f700e59f-0c94-4f28-83ea-127169ce7376,3,"I faced problems related to noise, feel & sensation and overall it did not meet expectations.",sensation,related,Negative,0.9971
